Country,Location,Season Code,Season Start Date,Season End Date,Lodging,Meals & Incidentals,Per Diem,Effective Date,Footnote Reference,Location Code
AFGHANISTAN,[Other],S1,01-Jan,31-Dec,0,15,15,01-Aug-03,"19,2",11804
AFGHANISTAN,Kabul,S1,01-Jan,31-Dec,0,78,78,01-Nov-19,"19,2",10323
ALBANIA,[Other],S1,01-Jan,31-Dec,182,81,263,01-Sep-25,,11908
ALBANIA,Tirana,S1,01-Jan,31-Dec,223,122,345,01-Sep-25,,10104
ALGERIA,[Other],S1,01-Jan,31-Dec,172,109,281,01-Jan-26,2,11805
ALGERIA,Algiers,S1,01-Jan,31-Dec,209,117,326,01-Oct-24,,10324
ANDORRA,Andorra,S1,01-Jan,31-Dec,209,123,332,01-Jan-08,,11079
ANGOLA,[Other],S1,01-Jan,31-Dec,336,199,535,01-Jan-23,,11822
ANGOLA,Luanda,S1,01-Jan,31-Dec,336,199,535,01-Jan-23,,10373
ANGUILLA,The Valley,S1,01-Jan,31-Dec,244,130,374,01-Feb-20,,91116
ANTARCTICA,Antarctica Region Posts,S1,01-Jan,31-Dec,0,1,1,01-Jun-10,,19942
ANTIGUA AND BARBUDA,[Other],S1,16-Apr,14-Dec,37,18,55,01-May-08,,11984
ANTIGUA AND BARBUDA,[Other],S2,15-Dec,15-Apr,50,19,69,01-May-08,,11984
ANTIGUA AND BARBUDA,Antigua and Barbuda,S1,01-Jan,01-Jun,346,138,484,01-Apr-23,,11052
ANTIGUA AND BARBUDA,Antigua and Barbuda,S2,02-Jun,31-Dec,216,125,341,01-Apr-23,,11052
ARGENTINA,[Other],S1,01-Jan,31-Dec,236,120,356,01-Mar-23,,11737
ARGENTINA,Bariloche,S1,01-Jan,31-Dec,237,132,369,01-Mar-23,,12637
ARGENTINA,Buenos Aires,S1,01-Jan,31-Dec,266,126,392,01-Mar-23,,10016
ARGENTINA,Mendoza,S1,01-Jan,31-Dec,220,119,339,01-Mar-23,,19952
ARMENIA,[Other],S1,01-Jan,31-Dec,150,93,243,01-Aug-25,145,11756
ARMENIA,Yerevan,S1,01-Jan,31-Dec,150,93,243,01-Aug-25,145,10105
Aruba,[Other],S1,01-Jan,31-Dec,539,160,699,01-Dec-24,,91181
Aruba,Oranjestad,S1,01-Jan,31-Dec,539,160,699,01-Dec-24,,11024
ASCENSION ISLAND,Ascension Island,S1,01-Jan,31-Dec,122,29,151,01-Nov-16,,11053
AUSTRALIA,[Other],S1,01-Jan,31-Dec,199,118,317,01-Jun-25,,11787
AUSTRALIA,Adelaide,S1,01-Jan,31-Dec,210,105,315,01-Jun-25,,10244
AUSTRALIA,Bendigo,S1,01-Jan,31-Dec,239,112,351,01-Jun-25,,19983
AUSTRALIA,Brisbane,S1,01-Jan,31-Dec,271,122,393,01-Jun-25,,10245
AUSTRALIA,Broome,S1,01-Jan,31-Dec,268,116,384,01-Jun-25,,15035
AUSTRALIA,Cairns,S1,01-Jan,31-Dec,199,118,317,01-Jun-25,,12583
AUSTRALIA,Canberra,S1,01-Jan,31-Dec,184,105,289,01-Jun-25,,10243
AUSTRALIA,"Darwin,  Northern Territory",S1,01-Jan,31-Dec,185,112,297,01-Jun-25,,12342
AUSTRALIA,Exmouth,S1,01-Jan,31-Dec,152,104,256,01-Jun-25,,15065
AUSTRALIA,Fremantle,S1,01-Jan,31-Dec,164,97,261,01-Jun-25,,13319
AUSTRALIA,Hobart,S1,01-Jan,31-Dec,145,119,264,01-Jun-25,,12372
AUSTRALIA,Melbourne,S1,01-Jan,31-Dec,240,102,342,01-Jun-25,,10246
AUSTRALIA,Perth,S1,01-Jan,31-Dec,186,123,309,01-Jun-25,,10247
AUSTRALIA,"Richmond, NSW",S1,01-Jan,31-Dec,132,96,228,01-Jun-25,,13553
AUSTRALIA,Sydney,S1,01-Jan,31-Dec,260,136,396,01-Jan-26,,10248
AUSTRIA,[Other],S1,01-Jan,31-Dec,229,130,359,01-Aug-25,,11757
AUSTRIA,Graz,S1,01-Jan,31-Dec,265,123,388,01-Aug-25,,11985
AUSTRIA,Innsbruck,S1,01-Jan,31-Dec,229,130,359,01-Aug-25,,11082
AUSTRIA,Linz,S1,01-Jan,31-Dec,193,152,345,01-Aug-25,,11410
AUSTRIA,Salzburg,S1,01-Jan,31-Dec,271,118,389,01-Aug-25,,10107
AUSTRIA,Vienna,S1,01-Jan,31-Dec,361,146,507,01-Aug-25,,10106
AZERBAIJAN,[Other],S1,01-Jan,31-Dec,98,81,179,01-Sep-14,,11758
AZERBAIJAN,Baku,S1,01-Jan,31-Dec,158,145,303,01-Feb-24,,10109
AZERBAIJAN,Ganja,S1,01-Jan,31-Dec,125,90,215,01-Sep-14,,19944
AZERBAIJAN,Qabala,S1,01-Jan,31-Dec,128,84,212,01-Sep-14,,15045
"Bahamas, The",[Other],S1,01-Jan,31-Dec,176,132,308,01-Jul-17,10,11891
"Bahamas, The",Andros Island,S1,01-Jan,31-Dec,159,107,266,01-Aug-15,10,11000
"Bahamas, The",Eleuthera Island,S1,17-Apr,14-Nov,213,143,356,01-Sep-15,10,11001
"Bahamas, The",Eleuthera Island,S2,15-Nov,16-Apr,276,150,426,01-Sep-15,10,11001
"Bahamas, The",Grand Bahama Island,S1,01-Jan,31-Dec,187,126,313,01-May-15,10,11002
"Bahamas, The",Nassau,S1,01-Jan,31-Dec,432,181,613,01-Sep-24,10,10017
BAHRAIN,Bahrain,S1,01-Jan,31-Dec,251,126,377,01-May-22,,11054
BAHRAIN,MANAMA,S1,01-Jan,31-Dec,251,126,377,01-May-22,,91120
BANGLADESH,[Other],S1,01-Jan,31-Dec,235,135,370,01-Jun-25,,11807
BANGLADESH,Chittagong,S1,01-Jan,31-Dec,210,118,328,01-May-25,,11986
BANGLADESH,Dhaka,S1,01-Jan,31-Dec,270,132,402,01-Jun-25,,10327
BANGLADESH,Sylhet,S1,01-Jan,31-Dec,225,123,348,01-May-25,,15021
BARBADOS,Barbados,S1,01-May,14-Nov,210,167,377,01-Apr-23,,11055
BARBADOS,Barbados,S2,15-Nov,30-Apr,321,178,499,01-Apr-23,,11055
BELARUS,[Other],S1,01-Jan,31-Dec,170,114,284,01-Aug-25,,11904
BELARUS,Minsk,S1,01-Jan,31-Dec,170,114,284,01-Aug-25,,10822
BELGIUM,[Other],S1,01-Jan,31-Dec,228,135,363,01-Aug-25,,11760
BELGIUM,Antwerp,S1,01-Jan,31-Dec,331,171,502,01-Aug-25,,10112
BELGIUM,Bruges,S1,01-Jan,31-Dec,228,157,385,01-Aug-25,12,12125
BELGIUM,Brussels,S1,01-Jan,31-Dec,354,178,532,01-Aug-25,,10111
BELGIUM,Diegem,S1,01-Jan,31-Dec,354,178,532,01-Aug-25,,11087
BELGIUM,Gent,S1,01-Jan,31-Dec,346,179,525,01-Aug-25,,11088
BELGIUM,Kleine Brogel,S1,01-Jan,31-Dec,118,82,200,01-Aug-25,,10819
BELGIUM,Liege,S1,01-Jan,31-Dec,145,78,223,01-Aug-25,,11091
BELGIUM,Mons,S1,01-Jan,31-Dec,196,120,316,01-Aug-25,,10481
BELGIUM,SHAPE/Chievres,S1,01-Jan,31-Dec,196,120,316,01-Aug-25,,10820
BELGIUM,Zaventem,S1,01-Jan,31-Dec,354,178,532,01-Aug-25,,11093
BELIZE,[Other],S1,01-Jan,31-Dec,162,101,263,01-Mar-25,,11742
BELIZE,Belize City,S1,01-Jan,31-Dec,405,139,544,01-May-25,,10049
BELIZE,Belmopan,S1,01-Jan,31-Dec,167,91,258,01-Mar-25,,13643
BELIZE,Caye Caulker,S1,01-Jan,31-Dec,169,115,284,01-Nov-22,,15072
BELIZE,Hopkins,S1,01-Jan,31-Dec,399,133,532,01-Mar-25,,15073
BELIZE,Placencia,S1,01-Jan,31-Dec,286,144,430,01-Mar-25,,15075
BELIZE,San Ignacio Town,S1,01-Jan,31-Dec,268,112,380,01-Apr-25,,15076
BELIZE,San Pedro,S1,01-Jan,31-Dec,198,127,325,01-Apr-25,,15018
BENIN,[Other],S1,01-Jan,31-Dec,84,60,144,01-Oct-25,,11831
BENIN,Cotonou,S1,01-Jan,31-Dec,178,114,292,01-Oct-25,,10386
BERMUDA,Bermuda,S1,01-Apr,30-Nov,500,208,708,01-Aug-23,,11963
BERMUDA,Bermuda,S2,01-Dec,31-Mar,385,197,582,01-Aug-23,,11963
BHUTAN,Bhutan,S1,01-Jan,31-Dec,280,112,392,01-Dec-10,,11094
BOLIVIA,[Other],S1,01-Jan,31-Dec,77,53,130,01-May-16,,11738
BOLIVIA,Cochabamba,S1,01-Jan,31-Dec,100,49,149,01-May-23,,10019
BOLIVIA,La Paz,S1,01-Jan,31-Dec,140,98,238,01-May-23,,10018
BOLIVIA,Potosi,S1,01-Jan,31-Dec,89,63,152,01-May-23,,12246
BOLIVIA,Santa Cruz,S1,01-Jan,31-Dec,133,98,231,01-May-23,,10435
BOLIVIA,Tarija,S1,01-Jan,31-Dec,85,67,152,01-May-23,,11003
"Bonaire, Sint Eustatius, and Saba",Bonaire,S1,01-Jan,31-Dec,263,126,389,01-Dec-24,,11666
"Bonaire, Sint Eustatius, and Saba",Saba,S1,01-Jan,31-Dec,238,129,367,01-Mar-23,,12395
"Bonaire, Sint Eustatius, and Saba",Sint Eustatius,S1,01-Jan,31-Dec,239,110,349,01-Mar-23,,12393
Bosnia and Herzegovina,[Other],S1,01-Jan,31-Dec,115,113,228,01-Oct-25,,11915
Bosnia and Herzegovina,Sarajevo,S1,01-Jan,31-Dec,115,113,228,01-Oct-25,,11043
BOTSWANA,[Other],S1,01-Jan,31-Dec,105,61,166,01-Jan-26,,11824
BOTSWANA,Francistown,S1,01-Jan,31-Dec,134,70,204,01-Jan-26,,12578
BOTSWANA,Gaborone,S1,01-Jan,31-Dec,202,67,269,01-Jan-26,,10377
BOTSWANA,Kasane,S1,01-Jan,31-Dec,213,84,297,01-Jan-26,,12390
BOTSWANA,Maun,S1,01-Jan,31-Dec,130,66,196,01-Jan-26,,12579
BOTSWANA,Selebi Phikwe,S1,01-Jan,31-Dec,105,61,166,01-Jan-26,,10728
BOTSWANA,Serowe,S1,01-Jan,31-Dec,120,67,187,01-Jan-26,,12977
BRAZIL,[Other],S1,01-Jan,31-Dec,262,110,372,01-Dec-25,,12078
BRAZIL,Belem,S1,01-Jan,31-Dec,227,107,334,01-Dec-25,,11098
BRAZIL,Belo Horizonte,S1,01-Jan,31-Dec,171,101,272,01-Dec-25,,10023
BRAZIL,Brasilia,S1,01-Jan,31-Dec,264,120,384,01-Dec-25,,10022
BRAZIL,Fortaleza,S1,01-Jan,31-Dec,212,114,326,01-Dec-25,,11004
BRAZIL,Manaus,S1,01-Jan,31-Dec,220,133,353,01-Dec-25,,11105
BRAZIL,Natal,S1,01-Jan,31-Dec,188,101,289,01-Dec-25,,11106
BRAZIL,Porto Alegre,S1,01-Jan,31-Dec,198,101,299,01-Jan-26,,10029
BRAZIL,"Recife, Pernambuco",S1,01-Jan,31-Dec,200,104,304,01-Dec-25,,10030
BRAZIL,Rio de Janeiro,S1,01-Jan,31-Dec,250,122,372,01-Dec-25,,10031
BRAZIL,Salvador da Bahia,S1,01-Jan,31-Dec,242,119,361,01-Dec-25,,11108
BRAZIL,Sao Paulo,S1,01-Jan,31-Dec,291,131,422,01-Dec-25,30,10033
BRUNEI,[Other],S1,01-Jan,31-Dec,75,48,123,01-Mar-00,,11788
BRUNEI,Bandar Seri Begawan,S1,01-Jan,31-Dec,172,93,265,01-Jun-25,,10250
BRUNEI,Jerudong,S1,01-Jan,31-Dec,245,106,351,01-Mar-14,,19980
BULGARIA,[Other],S1,01-Jan,31-Dec,227,107,334,01-Dec-25,,11762
BULGARIA,Bourgas,S1,01-Jan,31-Dec,139,86,225,01-Oct-25,,12220
BULGARIA,Plovdiv,S1,01-Jan,31-Dec,139,99,238,01-Sep-24,,12216
BULGARIA,Sofia,S1,01-Jan,31-Dec,195,114,309,01-Oct-25,,10115
BULGARIA,Varna,S1,01-Jan,31-Dec,138,94,232,01-Oct-25,,12219
BURKINA FASO,[Other],S1,01-Jan,31-Dec,73,65,138,01-Oct-25,,11854
BURKINA FASO,Bobo Dioulasso,S1,01-Jan,31-Dec,73,65,138,01-Oct-25,,11116
BURKINA FASO,Ouagadougou,S1,01-Jan,31-Dec,216,106,322,01-Oct-25,,10432
BURMA,[Other],S1,01-Jan,31-Dec,150,93,243,01-Mar-17,,11789
BURMA,Naypyitaw,S1,01-Jan,31-Dec,110,106,216,01-Mar-17,,13519
BURMA,Rangoon,S1,01-Jan,31-Dec,180,107,287,01-Mar-17,,10251
BURUNDI,[Other],S1,01-Jan,31-Dec,163,88,251,01-Jul-23,2,11892
BURUNDI,Bujumbura,S1,01-Jan,31-Dec,163,88,251,01-Jul-23,2,10378
CABO VERDE,[Other],S1,01-Jan,31-Dec,116,79,195,01-Sep-25,,11826
CABO VERDE,Boa Vista Island,S1,01-Jan,31-Dec,168,63,231,01-Sep-25,,11680
CABO VERDE,Fogo,S1,01-Jan,31-Dec,89,76,165,01-Sep-25,,12283
CABO VERDE,Praia,S1,01-Jan,31-Dec,210,108,318,01-Sep-25,,10381
CABO VERDE,Sal Island,S1,01-Jan,31-Dec,189,136,325,01-Sep-25,,11681
CABO VERDE,Sao Tiago Island,S1,01-Jan,31-Dec,153,91,244,01-Sep-25,,11682
CABO VERDE,Sao Vicente Island,S1,01-Jan,31-Dec,126,107,233,01-Sep-25,,11683
CAMBODIA,[Other],S1,01-Jan,31-Dec,110,64,174,01-Jun-25,,11790
CAMBODIA,Phnom Penh,S1,01-Jan,31-Dec,182,99,281,01-Jun-25,,10253
CAMBODIA,Siem Reap,S1,01-Jan,31-Dec,225,108,333,01-Jun-25,,11117
CAMBODIA,Sihanoukville,S1,01-Jan,31-Dec,180,108,288,01-Jul-25,,13422
CAMEROON,[Other],S1,01-Jan,31-Dec,155,63,218,01-Sep-25,2,11825
CAMEROON,Douala,S1,01-Jan,31-Dec,229,125,354,01-Sep-25,,10380
CAMEROON,Limbe,S1,01-Jan,31-Dec,161,73,234,01-Sep-25,,15055
CAMEROON,Yaounde,S1,01-Jan,31-Dec,219,126,345,01-Sep-25,,10379
CANADA,[Other],S1,01-Jan,31-Dec,167,120,287,01-Jun-25,74,11763
CANADA,Calgary,S1,01-Jan,31-Dec,434,169,603,01-Jun-25,74,10118
CANADA,Dartmouth,S1,01-Jan,31-Dec,319,146,465,01-Jun-25,74,10827
CANADA,Edmonton,S1,01-Jan,31-Dec,242,133,375,01-Jun-25,74,10492
CANADA,"Fort McMurray, Alberta",S1,01-Jan,31-Dec,168,115,283,01-Jan-25,74,13823
CANADA,Fredericton,S1,01-Jan,31-Dec,175,110,285,01-Jun-25,74,12195
CANADA,"Gander, Newfoundland",S1,01-Jan,31-Dec,141,132,273,01-Jun-25,74,12294
CANADA,Goose Bay,S1,01-Jan,31-Dec,155,106,261,01-Jun-25,74,91127
CANADA,Halifax,S1,01-Jan,31-Dec,319,146,465,01-Jun-25,74,10119
CANADA,Kelowna,S1,01-Jan,31-Dec,178,122,300,01-Jun-25,74,91128
CANADA,"London, Ontario",S1,01-Jan,31-Dec,201,121,322,01-Jun-25,74,10829
CANADA,Moncton,S1,01-Jan,31-Dec,141,108,249,01-Jun-25,74,12194
CANADA,Montreal,S1,01-Jan,31-Dec,264,154,418,01-Jun-25,"74,4",10120
CANADA,Nanoose Bay,S1,01-Jan,31-Dec,98,90,188,01-Jun-25,74,13883
CANADA,"Niagara Falls, Ontario",S1,01-Jan,31-Dec,208,129,337,01-Jun-25,74,91167
CANADA,Ottawa,S1,01-Jan,31-Dec,279,128,407,01-Jun-25,74,10117
CANADA,Prince Edward Island,S1,01-Jun,30-Sep,370,136,506,01-Jun-25,74,11121
CANADA,Prince Edward Island,S2,01-Oct,31-May,215,121,336,01-Jun-25,74,11121
CANADA,Quebec,S1,01-Jan,31-Dec,288,144,432,01-Jun-25,74,10121
CANADA,"Regina, Saskatchewan",S1,01-Jan,31-Dec,192,91,283,01-Jan-08,74,13822
CANADA,Richmond,S1,01-Jan,31-Dec,198,117,315,01-Jun-25,74,11122
CANADA,"Saskatoon, Saskatchewan",S1,01-Jan,31-Dec,188,90,278,01-Jan-08,74,12734
CANADA,Sidney,S1,01-Jan,31-Dec,134,97,231,01-Jun-25,74,11124
CANADA,"St. John's, Newfoundland",S1,01-Jan,31-Dec,239,153,392,01-Jun-25,74,11123
CANADA,Toronto,S1,01-Jan,31-Dec,325,141,466,01-Jun-25,"74,5",10122
CANADA,Vancouver,S1,16-Mar,30-Nov,335,163,498,01-Jun-25,74,10123
CANADA,Vancouver,S2,01-Dec,15-Mar,197,150,347,01-Jun-25,74,10123
CANADA,Victoria,S1,15-May,01-Oct,231,131,362,01-Jun-25,74,10832
CANADA,Victoria,S2,02-Oct,14-May,184,126,310,01-Jun-25,74,10832
CANADA,"Whistler, BC",S1,01-Jan,31-Dec,221,115,336,01-Jun-25,74,91140
CANADA,"Whitehorse, Yukon",S1,01-Jan,31-Dec,206,93,299,01-Jun-25,74,91129
CANADA,Winnipeg,S1,01-Jan,31-Dec,233,142,375,01-Jun-25,74,10124
CANADA,Yellowknife,S1,01-Jan,31-Dec,127,93,220,01-Jun-25,74,91130
CAYMAN ISLANDS,Cayman Islands,S1,17-Jul,14-Dec,307,119,426,01-Dec-15,,19016
CAYMAN ISLANDS,Cayman Islands,S2,15-Dec,16-Jul,588,147,735,01-Dec-15,,19016
CENTRAL AFRICAN REPUBLIC,[Other],S1,01-Jan,31-Dec,215,91,306,01-Sep-25,2,11827
CENTRAL AFRICAN REPUBLIC,Bangui,S1,01-Jan,31-Dec,215,91,306,01-Sep-25,2,10382
CHAD,[Other],S1,01-Jan,31-Dec,173,100,273,01-Oct-14,2,11828
CHAD,Ndjamena,S1,01-Jan,31-Dec,234,115,349,01-Sep-25,,10383
CHAGOS ARCHIPELAGO,Diego Garcia,S1,01-Jan,31-Dec,147,80,227,01-Nov-18,,11057
CHILE,[Other],S1,01-Jan,31-Dec,262,103,365,01-Jun-25,,11893
CHILE,Santiago,S1,01-Jan,31-Dec,226,108,334,01-Jun-25,,10035
CHINA,[Other],S1,01-Jan,31-Dec,170,98,268,01-Jan-26,,11791
CHINA,Beijing,S1,01-Jan,31-Dec,247,138,385,01-Oct-25,,10254
CHINA,Changchun,S1,01-Jan,31-Dec,167,100,267,01-Apr-13,,13481
CHINA,Chengdu,S1,01-Jan,31-Dec,180,123,303,01-Oct-25,,10258
CHINA,Chongqing,S1,01-Jan,31-Dec,238,129,367,01-Mar-25,,11127
CHINA,Dalian,S1,01-Jan,31-Dec,166,108,274,01-Apr-13,,11128
CHINA,Fuzhou,S1,01-Jan,31-Dec,169,117,286,01-Mar-24,,12239
CHINA,Guangzhou,S1,01-Jan,31-Dec,249,152,401,01-Jan-26,,10255
CHINA,Guilin,S1,01-Jan,31-Dec,165,92,257,01-Feb-24,,12911
CHINA,Haikou,S1,01-Jan,31-Dec,185,113,298,01-Jan-26,,12242
CHINA,Hangzhou,S1,01-Jan,31-Dec,169,124,293,01-Aug-15,,11129
CHINA,Harbin,S1,01-Jan,31-Dec,187,101,288,01-Apr-13,,12514
CHINA,Jinan,S1,01-Jan,31-Dec,169,114,283,01-Oct-25,,15031
CHINA,Lhasa,S1,01-Jan,31-Dec,210,111,321,01-Jan-18,,11998
CHINA,Lijiang,S1,01-Jan,31-Dec,153,133,286,01-Jul-15,,13361
CHINA,Nanjing,S1,01-Jan,31-Dec,125,70,195,01-Oct-25,,11130
CHINA,Nanning,S1,01-Jan,31-Dec,167,127,294,01-Mar-24,,12241
CHINA,Ningbo,S1,01-Jan,31-Dec,124,88,212,01-Oct-25,,13594
CHINA,Qingdao,S1,01-Jan,31-Dec,203,108,311,01-Jul-23,,12504
CHINA,Sanya,S1,01-Jan,31-Dec,227,132,359,01-Jan-26,,13406
CHINA,Shanghai,S1,01-Jan,31-Dec,388,165,553,01-Jan-26,,10256
CHINA,Shantou,S1,01-Jan,31-Dec,137,101,238,01-Feb-24,,11131
CHINA,Shenyang,S1,01-Jan,31-Dec,169,95,264,01-Oct-25,,10257
CHINA,Shenzhen,S1,01-Jan,31-Dec,239,146,385,01-Jan-26,,11132
CHINA,Suzhou,S1,01-Jan,31-Dec,136,98,234,01-Oct-25,,13475
CHINA,Tianjin,S1,01-Jan,31-Dec,226,134,360,01-Jan-25,,11133
CHINA,Urumqi,S1,01-Jan,31-Dec,146,79,225,01-Oct-25,,12560
CHINA,Wuhan,S1,01-Jan,31-Dec,130,102,232,01-Oct-25,,12509
CHINA,Xiamen,S1,01-Jan,31-Dec,203,118,321,01-Feb-24,,12243
CHINA,Xian,S1,01-Jan,31-Dec,196,123,319,01-Oct-25,,11134
CHINA,Zhuhai,S1,01-Jan,31-Dec,185,124,309,01-Jan-26,,12240
COCOS (KEELING) ISLANDS,Cocos Islands,S1,01-Jan,31-Dec,285,117,402,01-Oct-24,,11135
COLOMBIA,[Other],S1,01-Jan,31-Dec,135,84,219,01-Jan-26,2,11744
COLOMBIA,Barranquilla,S1,01-Jan,31-Dec,190,116,306,01-Jan-26,,10041
COLOMBIA,Bogota,S1,01-Jan,31-Dec,405,166,571,01-Jan-26,,10040
COLOMBIA,Bucaramanga,S1,01-Jan,31-Dec,217,135,352,01-Jan-26,2,13582
COLOMBIA,Buenaventura,S1,01-Jan,31-Dec,130,93,223,01-Jan-26,2,12484
COLOMBIA,Cali,S1,01-Jan,31-Dec,238,127,365,01-Jan-26,,10042
COLOMBIA,Cartagena,S1,01-Jan,31-Dec,383,163,546,01-Jan-26,,11136
COLOMBIA,Cucuta,S1,01-Jan,31-Dec,139,100,239,01-Jan-26,,91150
COLOMBIA,Medellin,S1,01-Jan,31-Dec,243,139,382,01-Jan-26,,12415
COLOMBIA,Pasto,S1,01-Jan,31-Dec,161,85,246,01-Jan-26,,91154
COLOMBIA,San Andres,S1,01-Jan,31-Dec,173,71,244,01-Sep-21,,11999
COLOMBIA,San Jose del Guaviare,S1,01-Jan,31-Dec,135,84,219,01-Jan-26,,91146
COLOMBIA,Santa Marta,S1,01-Jan,31-Dec,247,126,373,01-Jan-26,,12648
COLOMBIA,Tumaco,S1,01-Jan,31-Dec,108,85,193,01-Jan-26,,91145
COMOROS,[Other],S1,01-Jan,31-Dec,139,91,230,01-Apr-24,,11829
COMOROS,Moroni,S1,01-Jan,31-Dec,143,83,226,01-Apr-24,,10384
COOK ISLANDS,[Other],S1,01-Jan,31-Dec,201,99,300,01-Dec-25,,11917
COOK ISLANDS,Rarotonga,S1,01-Jan,31-Dec,201,99,300,01-Dec-25,,11044
COSTA RICA,[Other],S1,01-Jan,31-Dec,147,142,289,01-Jan-26,,11745
COSTA RICA,San Jose,S1,01-Jan,31-Dec,147,142,289,01-Jan-26,,10044
COTE D'IVOIRE,[Other],S1,01-Jan,31-Dec,80,76,156,01-Apr-12,,11839
COTE D'IVOIRE,Abidjan,S1,01-Jan,31-Dec,234,117,351,01-Oct-25,,10724
COTE D'IVOIRE,Yamoussoukro,S1,01-Jan,31-Dec,81,76,157,01-Oct-25,,11489
CROATIA,[Other],S1,01-Jan,31-Dec,171,103,274,01-Aug-25,,11912
CROATIA,Cavtat,S1,15-Apr,15-Oct,453,144,597,01-Jul-23,,13394
CROATIA,Cavtat,S2,16-Oct,14-Apr,313,130,443,01-Jul-23,,13394
CROATIA,Dubrovnik,S1,15-Apr,15-Oct,453,144,597,01-Jul-23,,12718
CROATIA,Dubrovnik,S2,16-Oct,14-Apr,313,130,443,01-Jul-23,,12718
CROATIA,Split,S1,01-Jul,30-Sep,412,134,546,01-Sep-22,,12719
CROATIA,Split,S2,01-Oct,30-Jun,282,121,403,01-Sep-22,,12719
CROATIA,Zagreb,S1,01-Jan,31-Dec,171,103,274,01-Aug-25,,10838
CUBA,[Other],S1,01-Jan,31-Dec,100,49,149,01-Feb-17,,11746
CUBA,Camaguey,S1,01-Jan,31-Dec,180,64,244,01-Feb-17,,19973
CUBA,Guantanamo Bay,S1,01-Jan,31-Dec,125,52,177,01-Mar-19,,10441
CUBA,Havana,S1,01-Jan,31-Dec,275,118,393,01-Jul-22,,10047
CUBA,Holguin,S1,01-Jan,31-Dec,100,49,149,01-Feb-17,,19975
CUBA,Matanzas,S1,01-Jan,31-Dec,110,47,157,01-Feb-17,,19970
CUBA,Santiago,S1,01-Jan,31-Dec,130,60,190,01-Feb-17,,13872
CUBA,Trinidad,S1,01-Jan,31-Dec,128,63,191,01-Feb-17,,19972
Curacao,Curacao,S1,01-Jan,31-Dec,353,143,496,01-Oct-24,,10088
CYPRUS,[Other],S1,01-May,31-Oct,220,122,342,01-Jul-25,,11764
CYPRUS,[Other],S2,01-Nov,30-Apr,202,120,322,01-Jul-25,,11764
CYPRUS,Akrotiri,S1,01-Jun,31-Aug,524,179,703,01-Aug-25,,13359
CYPRUS,Akrotiri,S2,01-Sep,31-May,325,159,484,01-Aug-25,,13359
CYPRUS,Limassol,S1,01-Jun,31-Aug,524,179,703,01-Aug-25,,11139
CYPRUS,Limassol,S2,01-Sep,31-May,325,159,484,01-Aug-25,,11139
CYPRUS,Nicosia,S1,01-Jan,31-Dec,282,133,415,01-Aug-25,,10126
CYPRUS,Paphos,S1,01-Aug,31-Oct,460,136,596,01-Aug-25,,13518
CYPRUS,Paphos,S2,01-Nov,31-Jul,257,116,373,01-Aug-25,,13518
Czechia,[Other],S1,01-Jan,31-Dec,139,82,221,01-Oct-19,,11913
Czechia,Brno,S1,01-Jan,31-Dec,132,84,216,01-Oct-19,,13581
Czechia,Prague,S1,01-Jan,31-Dec,255,111,366,01-Aug-25,,10839
DEM. PEOPLE'S REPUBLIC OF KOREA,[Other],S1,01-Jan,31-Dec,113,63,176,01-Oct-18,,11952
DEM. PEOPLE'S REPUBLIC OF KOREA,Pyongyang,S1,01-Jan,31-Dec,168,69,237,01-Oct-18,,11730
DEMOCRATIC REPUBLIC OF THE CONGO,[Other],S1,01-Jan,31-Dec,139,107,246,01-Dec-25,2,11888
DEMOCRATIC REPUBLIC OF THE CONGO,Bukavu,S1,01-Jan,31-Dec,154,122,276,01-Dec-25,,10427
DEMOCRATIC REPUBLIC OF THE CONGO,Goma,S1,01-Jan,31-Dec,139,107,246,01-Dec-25,,11500
DEMOCRATIC REPUBLIC OF THE CONGO,Kinshasa,S1,01-Jan,31-Dec,240,152,392,01-Sep-24,2,10424
DEMOCRATIC REPUBLIC OF THE CONGO,Lubumbashi,S1,01-Jan,31-Dec,158,147,305,01-Dec-25,,10425
DENMARK,[Other],S1,01-Jan,31-Dec,219,112,331,01-Oct-25,,11765
DENMARK,Aalborg,S1,01-Jan,31-Dec,208,117,325,01-Oct-25,,12505
DENMARK,Copenhagen,S1,01-Jan,31-Dec,309,141,450,01-Oct-25,,10129
DENMARK,Lyngby,S1,01-Jan,31-Dec,309,141,450,01-Oct-25,,13841
DENMARK,Odense,S1,01-Jan,31-Dec,216,123,339,01-Oct-25,,12507
DJIBOUTI,[Other],S1,01-Jan,31-Dec,85,98,183,01-Feb-23,,11821
DJIBOUTI,Djibouti City,S1,01-Jan,31-Dec,260,120,380,01-Feb-23,,11078
DOMINICA,Dominica,S1,01-Jan,31-Dec,316,135,451,01-Apr-23,,11140
DOMINICAN REPUBLIC,[Other],S1,01-Jan,31-Dec,192,87,279,01-Oct-25,,11747
DOMINICAN REPUBLIC,Santo Domingo,S1,01-Jan,31-Dec,257,97,354,01-Oct-25,,10054
DOMINICAN REPUBLIC,Sosua,S1,01-Jan,31-Dec,150,63,213,01-Jun-16,,11143
ECUADOR,[Other],S1,01-Jan,31-Dec,153,97,250,01-Feb-25,,11910
ECUADOR,Cuenca,S1,01-Jan,31-Dec,153,97,250,01-Feb-25,,12132
ECUADOR,Galapagos Islands,S1,01-Jan,31-Dec,500,158,658,01-Mar-25,,13928
ECUADOR,Guayaquil,S1,01-Jan,31-Dec,144,139,283,01-Mar-25,,10057
ECUADOR,Manta,S1,01-Jan,31-Dec,118,89,207,01-Jun-18,,12002
ECUADOR,Quito,S1,01-Jan,31-Dec,190,105,295,01-Jan-23,,10056
EGYPT,[Other],S1,01-Jan,31-Dec,165,70,235,01-Nov-19,2,11809
EGYPT,Alexandria,S1,01-Jan,31-Dec,175,95,270,01-Jan-20,2,10329
EGYPT,Aswan,S1,01-Apr,30-Sep,135,102,237,01-Nov-19,2,11145
EGYPT,Aswan,S2,01-Oct,31-Mar,165,105,270,01-Nov-19,2,11145
EGYPT,Cairo,S1,01-Jan,31-Dec,175,118,293,01-Sep-25,2,10328
EGYPT,Luxor,S1,01-Jan,31-Dec,150,79,229,01-Jan-17,2,11389
EGYPT,Sharm el Sheikh,S1,05-Jan,28-Sep,140,86,226,01-Sep-19,2,11395
EGYPT,Sharm el Sheikh,S2,29-Sep,04-Jan,160,88,248,01-Sep-19,2,11395
EL SALVADOR,[Other],S1,01-Jan,31-Dec,149,57,206,01-Jul-24,,11748
EL SALVADOR,San Salvador,S1,01-Jan,31-Dec,146,91,237,01-Jul-24,25,10058
EQUATORIAL GUINEA,[Other],S1,01-Jan,31-Dec,179,110,289,01-Sep-25,,11832
EQUATORIAL GUINEA,Bata,S1,01-Jan,31-Dec,122,95,217,01-Mar-24,,91132
EQUATORIAL GUINEA,Malabo,S1,01-Jan,31-Dec,179,110,289,01-Sep-25,,10387
ERITREA,[Other],S1,01-Jan,31-Dec,60,85,145,01-Jul-15,,11901
ERITREA,Asmara,S1,01-Jan,31-Dec,125,75,200,01-Aug-22,,10726
ERITREA,Keren,S1,01-Jan,31-Dec,60,85,145,01-Jul-15,,20010
ERITREA,Massawa,S1,01-Jan,31-Dec,90,83,173,01-Mar-15,,20001
ESTONIA,[Other],S1,01-Jun,30-Sep,277,134,411,01-Aug-25,,11856
ESTONIA,[Other],S2,01-Oct,31-May,199,127,326,01-Aug-25,,11856
ESTONIA,Tallinn,S1,01-Jan,31-Dec,217,139,356,01-Aug-25,,10130
ESWATINI,[Other],S1,01-Jan,31-Dec,33,22,55,01-Jan-26,79,11850
ESWATINI,Mbabane,S1,01-Jan,31-Dec,101,59,160,01-Jan-26,79,10419
ETHIOPIA,[Other],S1,01-Jan,31-Dec,96,61,157,01-May-15,,11833
ETHIOPIA,Addis Ababa,S1,01-Jan,31-Dec,250,134,384,01-Mar-23,,10388
Falkland Islands (Islas Malvinas),Falkland Islands,S1,01-Jan,31-Dec,103,75,178,01-Jul-25,,11161
FAROE ISLANDS,Faroe Islands,S1,01-Jan,31-Dec,235,99,334,01-Oct-25,,11162
FIJI,[Other],S1,01-Jan,31-Dec,282,118,400,01-Oct-25,,11792
FIJI,Korolevu,S1,01-Jan,31-Dec,62,70,132,01-Jan-25,,12262
FIJI,Nadi,S1,01-Jan,31-Dec,348,133,481,01-Jul-25,,11163
FIJI,Natadola,S1,01-Jan,31-Dec,562,157,719,01-Jul-25,,19991
FIJI,Sigatoka,S1,01-Jan,31-Dec,129,74,203,01-Jan-25,,11164
FIJI,Suva,S1,01-Jan,31-Dec,282,118,400,01-Oct-25,,10259
FINLAND,[Other],S1,01-Jan,31-Dec,257,124,381,01-Aug-25,,11766
FINLAND,Helsinki,S1,01-Jan,31-Dec,287,144,431,01-Aug-25,,10131
FRANCE,[Other],S1,01-Jan,31-Dec,220,132,352,01-Aug-25,,11855
FRANCE,Bordeaux,S1,01-Jan,31-Dec,214,135,349,01-Aug-25,,10138
FRANCE,Cannes,S1,01-May,30-Sep,493,167,660,01-Aug-25,,11166
FRANCE,Cannes,S2,01-Oct,30-Apr,347,152,499,01-Aug-25,,11166
FRANCE,Deauville,S1,01-Jan,31-Dec,340,129,469,01-Aug-25,,12087
FRANCE,Lyon,S1,01-Jan,31-Dec,293,151,444,01-Aug-25,,10139
FRANCE,Marseille,S1,01-Jan,31-Dec,353,154,507,01-Aug-25,,10140
FRANCE,Montpellier,S1,01-Jan,31-Dec,210,166,376,01-Aug-25,,10843
FRANCE,Nice,S1,01-Jan,31-Dec,225,141,366,01-Aug-25,,11412
FRANCE,Paris,S1,01-Jan,31-Dec,511,173,684,01-Aug-25,6,10137
FRANCE,Strasbourg,S1,01-Jan,31-Dec,353,164,517,01-Aug-25,,10142
FRANCE,Toulouse,S1,01-Jan,31-Dec,236,131,367,01-Aug-25,,11413
FRENCH GUIANA,French Guiana,S1,01-Jan,31-Dec,180,94,274,01-Aug-25,,11173
FRENCH POLYNESIA,French Polynesia,S1,01-Jan,31-Dec,266,155,421,01-Nov-07,,11174
GABON,[Other],S1,01-Jan,31-Dec,184,133,317,01-Feb-11,,11834
GABON,Libreville,S1,01-Jan,31-Dec,224,141,365,01-Sep-25,,10389
"Gambia, The",[Other],S1,01-Jan,31-Dec,35,32,67,01-Apr-06,,11835
"Gambia, The",Banjul,S1,01-Jan,31-Dec,143,62,205,01-Jan-26,,10390
GEORGIA,[Other],S1,01-Jan,31-Dec,72,63,135,01-Oct-07,,11767
GEORGIA,Ajara Region,S1,01-Jan,31-Dec,195,95,290,01-Dec-13,,13416
GEORGIA,Borjomi,S1,01-Jan,31-Dec,91,71,162,01-Nov-07,,13420
GEORGIA,Gudauri,S1,01-Apr,30-Nov,104,71,175,01-Oct-07,,13414
GEORGIA,Gudauri,S2,01-Dec,31-Mar,162,77,239,01-Oct-07,,13414
GEORGIA,Kutaisi,S1,01-Jan,31-Dec,113,93,206,01-Feb-25,,13417
GEORGIA,Tbilisi,S1,01-Jan,31-Dec,236,102,338,01-Sep-25,,10143
GERMANY,[Other],S1,01-Jan,31-Dec,237,140,377,01-Aug-25,,11857
GERMANY,Berlin,S1,01-Jan,31-Dec,271,145,416,01-Aug-25,,10145
GERMANY,Boeblingen,S1,01-Jan,31-Dec,251,147,398,01-Aug-25,,10898
GERMANY,Bonames,S1,01-Jan,31-Dec,258,135,393,01-Aug-25,,11182
GERMANY,Bonn,S1,01-Jan,31-Dec,237,140,377,01-Aug-25,,10144
GERMANY,Bremen,S1,01-Jan,31-Dec,236,133,369,01-Aug-25,,10856
GERMANY,Cologne,S1,01-Jan,31-Dec,290,130,420,01-Aug-25,,10152
GERMANY,Dresden,S1,01-Jan,31-Dec,241,135,376,01-Aug-25,,11186
GERMANY,Duesseldorf,S1,01-Jan,31-Dec,318,151,469,01-Aug-25,,10146
GERMANY,Echterdingen,S1,01-Jan,31-Dec,251,147,398,01-Aug-25,,11187
GERMANY,Erfurt,S1,01-Jan,31-Dec,276,151,427,01-Aug-25,,11188
GERMANY,Eschborn,S1,01-Jan,31-Dec,258,135,393,01-Aug-25,,11189
GERMANY,Esslingen,S1,01-Jan,31-Dec,251,147,398,01-Aug-25,,11415
GERMANY,Frankfurt am Main,S1,01-Jan,31-Dec,258,135,393,01-Aug-25,,10147
GERMANY,Garmisch-Partenkirchen,S1,01-Jan,31-Dec,337,140,477,01-Aug-25,,10867
GERMANY,Hamburg,S1,01-Jan,31-Dec,241,120,361,01-Aug-25,,10148
GERMANY,Hannover,S1,01-Jan,31-Dec,234,123,357,01-Aug-25,,10151
GERMANY,Heidelberg,S1,01-Jan,31-Dec,276,151,427,01-Aug-25,,10153
GERMANY,Herongen,S1,01-Jan,31-Dec,318,151,469,01-Aug-25,,10862
GERMANY,Hoechst,S1,01-Jan,31-Dec,258,135,393,01-Aug-25,,11423
GERMANY,Kalkar,S1,01-Jan,31-Dec,318,151,469,01-Aug-25,,10863
GERMANY,Koenigswinter,S1,01-Jan,31-Dec,237,140,377,01-Aug-25,,11427
GERMANY,Kornwestheim,S1,01-Jan,31-Dec,251,147,398,01-Aug-25,,11429
GERMANY,Leipzig,S1,01-Jan,31-Dec,288,132,420,01-Aug-25,,10623
GERMANY,Ludwigsburg,S1,01-Jan,31-Dec,251,147,398,01-Aug-25,,10899
GERMANY,Mainz,S1,01-Jan,31-Dec,251,138,389,01-Aug-25,,10901
GERMANY,Moenchen-Gladbach,S1,01-Jan,31-Dec,318,151,469,01-Aug-25,,10861
GERMANY,Munich,S1,01-Jan,31-Dec,312,154,466,01-Aug-25,,10149
GERMANY,Nellingen,S1,01-Jan,31-Dec,251,147,398,01-Aug-25,,10900
GERMANY,Oberammergau,S1,01-Jan,31-Dec,337,140,477,01-Aug-25,,10523
GERMANY,Offenbach,S1,01-Jan,31-Dec,258,135,393,01-Aug-25,,11434
GERMANY,Roedelheim,S1,01-Jan,31-Dec,258,135,393,01-Aug-25,,11439
GERMANY,Sindelfingen,S1,01-Jan,31-Dec,251,147,398,01-Aug-25,,11447
GERMANY,Stuttgart,S1,01-Jan,31-Dec,251,147,398,01-Aug-25,,10150
GERMANY,Tuebingen,S1,01-Jan,31-Dec,251,147,398,01-Aug-25,,11451
GERMANY,Twisteden,S1,01-Jan,31-Dec,318,151,469,01-Aug-25,,10864
GERMANY,Wiesbaden,S1,01-Jan,31-Dec,247,132,379,01-Aug-25,,10540
GHANA,[Other],S1,01-Jan,31-Dec,120,56,176,01-Feb-23,,11836
GHANA,Accra,S1,01-Jan,31-Dec,497,123,620,01-Jan-25,,10391
GIBRALTAR,Gibraltar,S1,01-Jan,31-Dec,219,119,338,01-Jul-25,,11225
GREECE,[Other],S1,01-Jan,31-Dec,181,127,308,01-Aug-25,,11894
GREECE,Athens,S1,01-May,31-Oct,341,144,485,01-Aug-25,,10133
GREECE,Athens,S2,01-Nov,30-Apr,229,133,362,01-Aug-25,,10133
GREECE,Iraklion (Crete),S1,01-Jan,31-Dec,181,127,308,01-Aug-25,,10916
GREENLAND,[Other],S1,01-Jan,31-Dec,222,110,332,01-Oct-25,,13409
GREENLAND,Ilulissat,S1,01-Jan,31-Dec,235,125,360,01-Oct-25,,13650
GREENLAND,Kangerlussuaq,S1,01-Jan,31-Dec,203,113,316,01-Oct-25,,13602
GREENLAND,Nuuk,S1,01-Jan,31-Dec,324,142,466,01-Oct-25,,11058
GREENLAND,Thule,S1,01-Jan,31-Dec,210,68,278,01-Sep-07,,13408
GRENADA,Grenada,S1,01-Jan,31-Dec,300,142,442,01-Apr-23,,11059
GUADELOUPE,[Other],S1,01-Jan,31-Dec,77,80,157,01-Oct-93,8,11939
GUADELOUPE,Saint Martin (French Part),S1,01-Jan,31-Dec,124,100,224,01-Feb-20,8,11226
GUATEMALA,[Other],S1,01-Jan,31-Dec,140,99,239,01-Jan-25,,11858
GUATEMALA,Guatemala City,S1,01-Jan,31-Dec,145,96,241,01-Jun-25,,10062
GUINEA,[Other],S1,01-Jan,31-Dec,94,53,147,01-Apr-24,,11838
GUINEA,Conakry,S1,01-Jan,31-Dec,224,94,318,01-Jun-22,,10393
GUINEA-BISSAU,[Other],S1,01-Jan,31-Dec,73,44,117,01-Apr-14,,11837
GUINEA-BISSAU,Bissau,S1,01-Jan,31-Dec,162,81,243,01-Aug-25,,10394
GUYANA,[Other],S1,01-Jan,31-Dec,336,141,477,01-Aug-25,,11741
GUYANA,Georgetown,S1,01-Jan,31-Dec,336,141,477,01-Aug-25,,10051
HAITI,[Other],S1,01-Jan,31-Dec,140,40,180,01-May-13,2,11750
HAITI,Cap Haitien,S1,01-Jan,31-Dec,150,91,241,01-May-13,2,12688
HAITI,Jacmel,S1,01-Jan,31-Dec,98,75,173,01-May-13,2,12692
HAITI,Montrouis,S1,01-Jan,31-Dec,133,106,239,01-Feb-11,2,12694
HAITI,Petionville,S1,01-Jan,31-Dec,155,111,266,01-Feb-13,2,11018
HAITI,Port-au-Prince,S1,01-Jan,31-Dec,155,98,253,01-Feb-23,2,10064
HOLY SEE,Holy See,S1,01-Jan,31-Dec,489,179,668,01-Aug-25,,11060
HONDURAS,[Other],S1,01-Jan,31-Dec,130,80,210,01-Jan-16,,11859
HONDURAS,Bay Islands,S1,01-Jan,31-Dec,198,99,297,01-Oct-19,,11227
HONDURAS,La Ceiba,S1,01-Jan,31-Dec,138,85,223,01-Jan-16,,11228
HONDURAS,San Pedro Sula,S1,01-Jan,31-Dec,187,98,285,01-Jan-16,,10066
HONDURAS,Tegucigalpa,S1,01-Jan,31-Dec,187,87,274,01-Jun-25,,10065
HONDURAS,Tela,S1,01-Jan,31-Dec,125,86,211,01-Jan-16,,11231
HONG KONG,Hong Kong,S1,01-Jan,31-Dec,355,180,535,01-Mar-15,,10261
HUNGARY,[Other],S1,01-Jan,31-Dec,153,75,228,01-Dec-25,,11768
HUNGARY,Budapest,S1,01-Jan,31-Dec,280,95,375,01-Feb-24,,10158
HUNGARY,Papa,S1,01-Jan,31-Dec,153,75,228,01-Dec-25,,13846
ICELAND,[Other],S1,01-Jan,31-Dec,258,179,437,01-Jul-25,,11860
ICELAND,Akureyri,S1,01-Jun,30-Sep,249,170,419,01-Jul-25,,13942
ICELAND,Akureyri,S2,01-Oct,31-May,201,165,366,01-Jul-25,,13942
ICELAND,Egilsstadir,S1,01-Jan,31-Dec,258,179,437,01-Jul-25,,13944
ICELAND,Reykjavik,S1,01-Jun,30-Sep,592,236,828,01-Jul-25,,10160
ICELAND,Reykjavik,S2,01-Oct,31-May,338,211,549,01-Jul-25,,10160
INDIA,[Other],S1,01-Jan,31-Dec,196,92,288,01-Jul-18,,11810
INDIA,Agra,S1,01-Jan,31-Dec,139,81,220,01-Aug-19,,11232
INDIA,Bengaluru,S1,01-Jan,31-Dec,319,141,460,01-Jan-26,,11233
INDIA,Chennai,S1,01-Jan,31-Dec,207,125,332,01-Jan-26,,10336
INDIA,Goa,S1,01-Jan,31-Dec,177,62,239,01-Jan-26,,13550
INDIA,Hyderabad,S1,01-Jan,31-Dec,222,116,338,01-Mar-23,,11235
INDIA,Kolkata,S1,01-Jan,31-Dec,268,118,386,01-Jul-19,,10335
INDIA,Mumbai,S1,01-Jan,31-Dec,174,97,271,01-Jan-26,,10334
INDIA,New Delhi,S1,01-Jan,31-Dec,196,116,312,01-Jan-26,,10333
INDIA,Pune,S1,01-Jan,31-Dec,187,101,288,01-Sep-18,,13551
INDIA,Trivandrum,S1,01-Jan,31-Dec,182,56,238,01-Jan-05,,12368
INDONESIA,[Other],S1,01-Jan,31-Dec,117,50,167,01-Jul-25,,11794
INDONESIA,Bali,S1,01-Jan,31-Dec,235,111,346,01-Apr-19,,11236
INDONESIA,Bandung,S1,01-Jan,31-Dec,218,107,325,01-Sep-13,,10753
INDONESIA,Denpasar,S1,01-Jan,31-Dec,235,111,346,01-Apr-19,,19023
INDONESIA,Jakarta,S1,01-Jan,31-Dec,242,101,343,01-Oct-25,,10262
INDONESIA,Jayapura,S1,01-Jan,31-Dec,129,67,196,01-Jul-25,,11238
INDONESIA,Medan,S1,01-Jan,31-Dec,106,72,178,01-Jul-25,,10271
INDONESIA,Surabaya,S1,01-Jan,31-Dec,136,98,234,01-Jul-25,,10272
INDONESIA,"Timika, Irian Jaya",S1,01-Jan,31-Dec,204,87,291,01-Jul-25,,12456
IRAN,[Other],S1,01-Jan,31-Dec,97,58,155,01-Sep-93,,11940
IRAN,Tehran,S1,01-Jan,31-Dec,97,58,155,01-Sep-93,,11239
IRAQ,[Other],S1,01-Jan,31-Dec,247,82,329,01-Dec-15,"53,24,2",11895
IRAQ,Baghdad,S1,01-Jan,31-Dec,0,11,11,01-Oct-04,"24,2",10344
IRAQ,Erbil,S1,01-Jan,31-Dec,211,65,276,01-Dec-11,"53,24,2",15013
IRELAND,[Other],S1,01-Jan,31-Dec,295,122,417,01-Aug-25,,11874
IRELAND,Cork,S1,01-Jan,31-Dec,295,132,427,01-Aug-25,,12449
IRELAND,Dublin,S1,01-Jan,31-Dec,356,155,511,01-Aug-25,,10162
IRELAND,Galway,S1,01-Jan,31-Dec,290,124,414,01-Aug-25,,12429
ISRAEL,[Other],S1,01-Jan,31-Dec,305,146,451,01-Mar-16,,11811
ISRAEL,Eilat,S1,01-Jan,31-Dec,455,150,605,01-Jan-26,,11240
ISRAEL,En Boqeq,S1,01-Jan,31-Dec,300,122,422,01-Mar-16,,11241
ISRAEL,Haifa,S1,01-Jan,31-Dec,365,132,497,01-Jan-26,,11397
ISRAEL,Herzliya-Pituach,S1,01-Jan,31-Dec,460,198,658,01-Jan-26,,15025
ISRAEL,Jerusalem,S1,01-Jan,31-Dec,440,180,620,01-Jan-24,,11061
ISRAEL,Sedom,S1,01-Jan,31-Dec,300,122,422,01-Mar-16,,11398
ISRAEL,Tel Aviv,S1,01-Jan,31-Dec,590,209,799,01-Jan-26,,10345
ISRAEL,Tiberias,S1,01-Jan,31-Dec,305,146,451,01-Mar-16,,12370
ITALY,[Other],S1,01-Jan,31-Dec,280,135,415,01-Aug-25,143,11769
ITALY,Aviano,S1,01-Jan,31-Dec,117,89,206,01-Aug-25,143,10934
ITALY,Bari,S1,01-Jan,31-Dec,289,141,430,01-Aug-25,143,11246
ITALY,Bologna,S1,01-Jan,31-Dec,290,129,419,01-Aug-25,143,11456
ITALY,Bolzano,S1,01-Jan,31-Dec,209,125,334,01-Aug-25,143,15041
ITALY,Brindisi,S1,01-Jan,31-Dec,424,115,539,01-Aug-25,143,10926
ITALY,Capri,S1,01-Jan,31-Dec,437,176,613,01-Aug-25,143,15011
ITALY,Catania,S1,01-Jan,31-Dec,177,128,305,01-Aug-25,143,10928
ITALY,Como,S1,01-Jan,31-Dec,331,168,499,01-Aug-25,143,13967
ITALY,Ferrara,S1,01-Jan,31-Dec,175,114,289,01-Aug-25,143,11460
ITALY,Florence,S1,01-Jan,31-Dec,290,137,427,01-Aug-25,143,10164
ITALY,Gaeta,S1,01-Apr,30-Sep,392,155,547,01-Aug-25,143,10930
ITALY,Gaeta,S2,01-Oct,31-Mar,193,135,328,01-Aug-25,143,10930
ITALY,Genoa,S1,01-Jan,31-Dec,241,123,364,01-Aug-25,143,10165
ITALY,La Spezia,S1,01-Jan,31-Dec,150,109,259,01-Aug-25,143,10931
ITALY,Milan,S1,01-Jan,31-Dec,504,191,695,01-Aug-25,143,10166
ITALY,Modena,S1,01-Jan,31-Dec,181,95,276,01-Aug-25,143,11465
ITALY,Naples,S1,01-Jan,31-Dec,377,169,546,01-Aug-25,143,10167
ITALY,Palermo,S1,01-Jan,31-Dec,318,152,470,01-Aug-25,143,10168
ITALY,Pisa,S1,01-Jan,31-Dec,144,96,240,01-Aug-25,143,10933
ITALY,Ravenna,S1,01-Jan,31-Dec,151,108,259,01-Aug-25,143,11468
ITALY,Reggio Emilia,S1,01-Jan,31-Dec,177,116,293,01-Aug-25,143,11470
ITALY,Rimini,S1,01-Jan,31-Dec,188,124,312,01-Aug-25,143,10935
ITALY,Rome,S1,01-Jan,31-Dec,489,179,668,01-Aug-25,143,10163
ITALY,Siena,S1,01-Jan,31-Dec,276,120,396,01-Aug-25,143,11471
ITALY,Taormina,S1,01-Jan,31-Dec,177,128,305,01-Aug-25,143,11473
ITALY,Treviso,S1,01-Jan,31-Dec,193,114,307,01-Aug-25,143,13847
ITALY,Trieste,S1,01-Jan,31-Dec,395,147,542,01-Aug-25,143,12157
ITALY,Turin,S1,01-Jan,31-Dec,301,146,447,01-Aug-25,143,10170
ITALY,Venice,S1,01-Jan,31-Dec,401,223,624,01-Aug-25,143,11479
ITALY,Verona,S1,01-Jan,31-Dec,193,93,286,01-Aug-25,143,10936
ITALY,Vicenza,S1,01-Jan,31-Dec,237,127,364,01-Aug-25,143,10937
JAMAICA,[Other],S1,01-Jan,31-Dec,220,99,319,01-Nov-24,,11861
JAMAICA,Kingston,S1,01-Jan,31-Dec,220,99,319,01-Nov-24,,10068
JAPAN,[Other],S1,01-Jan,31-Dec,208,107,315,01-Dec-25,,11795
JAPAN,Akashi,S1,01-Jan,31-Dec,337,203,540,01-Dec-25,,11268
JAPAN,Amagasaki,S1,01-Jan,31-Dec,337,203,540,01-Dec-25,,11270
JAPAN,Ashiya,S1,01-Jan,31-Dec,113,114,227,01-Dec-25,,11327
JAPAN,Awashima,S1,01-Jan,31-Dec,212,147,359,01-Dec-25,36,11328
JAPAN,Fukuoka,S1,01-Jan,31-Dec,339,167,506,01-Dec-25,,10274
JAPAN,Gifu,S1,01-Jan,31-Dec,123,85,208,01-Dec-25,,11335
JAPAN,Hiroshima,S1,20-Jul,31-Aug,226,98,324,01-Dec-25,,11337
JAPAN,Hiroshima,S2,01-Sep,19-Jul,132,89,221,01-Dec-25,,11337
JAPAN,Izumisano,S1,01-Jan,31-Dec,138,66,204,01-Dec-25,,12488
JAPAN,Kagoshima,S1,01-Jan,31-Dec,114,64,178,01-Dec-25,,11340
JAPAN,Kumamoto,S1,01-Jan,31-Dec,140,72,212,01-Dec-25,,11345
JAPAN,Kurashiki,S1,01-Jan,31-Dec,160,118,278,01-Dec-25,,12160
JAPAN,Kyoto,S1,01-Jan,31-Dec,332,172,504,01-Dec-25,,10280
JAPAN,Miyazaki City,S1,01-Jan,31-Dec,188,90,278,01-Dec-25,,11350
JAPAN,Nagasaki,S1,01-Jan,31-Dec,160,92,252,01-Dec-25,,11352
JAPAN,Nagoya,S1,01-Jan,31-Dec,265,165,430,01-Dec-25,,10276
JAPAN,Narita,S1,01-Jan,31-Dec,134,65,199,01-Dec-25,,11355
JAPAN,Nishinomiya,S1,01-Jan,31-Dec,113,114,227,01-Dec-25,,11357
JAPAN,Okayama,S1,01-Jan,31-Dec,107,89,196,01-Dec-25,,11365
JAPAN,Okinawa Prefecture,S1,01-Jul,31-Aug,344,125,469,01-Dec-25,,10278
JAPAN,Okinawa Prefecture,S2,01-Sep,30-Jun,192,109,301,01-Dec-25,,10278
JAPAN,Osaka-Kobe,S1,01-Jan,31-Dec,337,203,540,01-Dec-25,,10275
JAPAN,Sapporo,S1,01-Jan,28-Feb,448,142,590,01-Dec-25,,10277
JAPAN,Sapporo,S2,01-Mar,31-Dec,205,117,322,01-Dec-25,,10277
JAPAN,Sendai,S1,01-Jan,31-Dec,211,94,305,01-Dec-25,,11369
JAPAN,Takayama,S1,01-Jan,31-Dec,107,77,184,01-Dec-25,,11373
JAPAN,Tokyo City,S1,01-Jan,31-Dec,358,125,483,01-Dec-25,9,10273
JAPAN,Yokohama,S1,01-Jan,31-Dec,193,124,317,01-Dec-25,,10281
JORDAN,[Other],S1,01-Jan,31-Dec,149,128,277,01-Nov-22,,11812
JORDAN,Amman,S1,01-Jan,31-Dec,242,102,344,01-Dec-22,,10347
JORDAN,Aqaba,S1,01-Jan,31-Dec,149,128,277,01-Nov-22,,12025
JORDAN,Dead Sea/Jordan Valley,S1,01-Jan,31-Dec,197,143,340,01-Jan-23,,13404
JORDAN,Petra,S1,01-Jan,31-Dec,165,129,294,01-Nov-22,,13917
KAZAKHSTAN,[Other],S1,01-Jan,31-Dec,138,98,236,01-Apr-09,,11771
KAZAKHSTAN,Aktau,S1,01-Jan,31-Dec,213,93,306,01-Apr-09,,19005
KAZAKHSTAN,Almaty,S1,01-Jan,31-Dec,280,120,400,01-Dec-25,,10172
KAZAKHSTAN,Astana,S1,01-Jan,31-Dec,265,109,374,01-Dec-25,,12712
KENYA,[Other],S1,01-Jan,31-Dec,147,77,224,01-Mar-19,2,11840
KENYA,Lamu,S1,01-Jan,31-Dec,231,87,318,01-Apr-20,,13387
KENYA,Malindi,S1,01-Jan,31-Dec,117,69,186,01-Apr-20,2,13391
KENYA,Mara Area Region,S1,01-Jan,31-Dec,295,30,325,01-Apr-20,2,13916
KENYA,Mombasa,S1,01-Jan,31-Dec,160,78,238,01-Mar-19,2,10396
KENYA,Mt. Kenya Area,S1,01-Jan,31-Dec,209,106,315,01-Apr-20,2,13392
KENYA,Nairobi,S1,01-Jan,31-Dec,250,77,327,01-May-24,16,10395
KENYA,Nanyuki,S1,01-Jan,31-Dec,97,64,161,01-Apr-20,2,11490
KENYA,Watamu,S1,01-Jan,31-Dec,249,90,339,01-Apr-20,2,13503
KIRIBATI,[Other],S1,01-Jan,31-Dec,64,38,102,01-Jun-25,,11919
KIRIBATI,Christmas Island,S1,01-Jan,31-Dec,76,64,140,01-Aug-10,,11601
KIRIBATI,Kiribati,S1,01-Jan,31-Dec,116,65,181,01-Jun-25,,11062
"Korea, South",[Other],S1,01-Jan,31-Dec,60,40,100,01-Dec-25,17,12185
"Korea, South",Busan,S1,01-Jan,31-Dec,233,117,350,01-Dec-25,17,10284
"Korea, South",Changwon,S1,01-Jan,31-Dec,96,55,151,01-Dec-25,17,10781
"Korea, South",Cheju,S1,01-Jan,31-Dec,225,87,312,01-Dec-25,17,11602
"Korea, South",Chinju,S1,01-Jan,31-Dec,69,53,122,01-Dec-25,17,12133
"Korea, South",Chongju,S1,01-Jan,31-Dec,57,42,99,01-Dec-25,17,11603
"Korea, South",Chonju,S1,01-Jan,31-Dec,120,57,177,01-Dec-25,17,12183
"Korea, South",Chung Ju,S1,01-Jan,31-Dec,68,46,114,01-Dec-25,17,12442
"Korea, South",Gyeongju,S1,01-Jun,31-Aug,321,114,435,01-Dec-25,17,11604
"Korea, South",Gyeongju,S2,01-Sep,31-May,163,98,261,01-Dec-25,17,11604
"Korea, South",Incheon,S1,01-Jan,31-Dec,150,113,263,01-Dec-25,17,12804
"Korea, South",Kimhae,S1,01-Jan,31-Dec,53,54,107,01-Dec-25,17,10793
"Korea, South",Kumi,S1,01-Jan,31-Dec,84,61,145,01-Dec-25,17,13517
"Korea, South",Kwangju,S1,01-Jan,31-Dec,125,109,234,01-Dec-25,17,10285
"Korea, South",Masan,S1,01-Jan,31-Dec,50,60,110,01-Dec-25,17,11605
"Korea, South",Pyeongtaek,S1,01-Jan,31-Dec,64,49,113,01-Dec-25,17,10792
"Korea, South",Pyongchang,S1,01-Jan,31-Dec,161,70,231,01-Dec-25,17,19992
"Korea, South",Seoul,S1,01-Jan,31-Dec,245,122,367,01-Dec-25,17,10283
"Korea, South",Sokcho,S1,01-Jan,31-Dec,91,68,159,01-Dec-25,17,12732
"Korea, South",Taegu,S1,01-Jan,31-Dec,116,103,219,01-Dec-25,17,10286
"Korea, South",Taejon,S1,01-Jan,31-Dec,93,61,154,01-Dec-25,17,11606
"Korea, South",Uijongbu,S1,01-Jan,31-Dec,60,40,100,01-Dec-25,17,10799
"Korea, South",Ulsan,S1,01-Jan,31-Dec,147,79,226,01-Dec-25,17,11607
KOSOVO,[Other],S1,01-Jan,31-Dec,56,46,102,01-Jul-08,,13886
KOSOVO,Pristina,S1,01-Jan,31-Dec,108,64,172,01-Aug-25,,13885
KUWAIT,[Other],S1,01-Jan,31-Dec,285,143,428,01-Feb-25,,11813
KUWAIT,Kuwait City,S1,01-Jan,31-Dec,285,143,428,01-Feb-25,,10348
KYRGYZSTAN,[Other],S1,01-Jan,31-Dec,90,67,157,01-Sep-25,,11772
KYRGYZSTAN,Bishkek,S1,01-Jan,31-Dec,220,114,334,01-Sep-25,,10173
KYRGYZSTAN,Issyk-Kul Region,S1,01-Jan,31-Dec,143,79,222,01-Oct-25,,13580
LAOS,[Other],S1,01-Jan,31-Dec,120,80,200,01-Jan-25,,11796
LAOS,Luang Prabang,S1,01-Jan,31-Dec,184,112,296,01-Mar-24,,13549
LAOS,Vientiane,S1,01-Jan,31-Dec,140,110,250,01-Jul-24,,10288
LATVIA,[Other],S1,01-Jan,31-Dec,127,95,222,01-Aug-25,,11773
LATVIA,Riga,S1,01-Jan,31-Dec,217,132,349,01-Aug-25,,10174
LEBANON,[Other],S1,01-Jan,31-Dec,165,53,218,01-Mar-23,"42,2",11864
LEBANON,Beirut,S1,01-Jan,31-Dec,165,53,218,01-Mar-23,"42,2",10349
LESOTHO,[Other],S1,01-Jan,31-Dec,108,86,194,01-Jul-12,,11823
LESOTHO,Maseru,S1,01-Jan,31-Dec,113,69,182,01-Jan-26,,10374
LIBERIA,[Other],S1,01-Jan,31-Dec,70,46,116,01-Jun-06,39,11841
LIBERIA,Monrovia,S1,01-Jan,31-Dec,190,110,300,01-Jan-26,39,10398
LIBYA,[Other],S1,01-Jan,31-Dec,81,79,160,01-Sep-93,2,11943
LIBYA,Benghazi,S1,01-Jan,31-Dec,117,79,196,01-Sep-93,2,11686
LIBYA,Misurata,S1,01-Jan,31-Dec,117,79,196,01-Sep-93,2,11687
LIBYA,Sirte,S1,01-Jan,31-Dec,117,79,196,01-Sep-93,2,11688
LIBYA,Tripoli,S1,01-Jan,31-Dec,185,48,233,01-May-25,2,11689
LIECHTENSTEIN,Liechtenstein,S1,01-Jan,31-Dec,300,200,500,01-Aug-25,,11691
LITHUANIA,[Other],S1,01-Jan,31-Dec,131,108,239,01-Jul-24,,11774
LITHUANIA,Palanga,S1,01-Jun,30-Sep,360,167,527,01-Aug-25,,13941
LITHUANIA,Palanga,S2,01-Oct,31-May,300,161,461,01-Aug-25,,13941
LITHUANIA,Vilnius,S1,01-Jan,31-Dec,240,144,384,01-Aug-25,,10175
LUXEMBOURG,Luxembourg,S1,01-Jan,31-Dec,366,138,504,01-Aug-25,,11063
MACAU,Macau,S1,01-Jan,31-Dec,321,120,441,01-May-08,,11692
MADAGASCAR,[Other],S1,01-Jan,31-Dec,113,54,167,01-Mar-09,,11865
MADAGASCAR,Antananarivo,S1,01-Jan,31-Dec,207,66,273,01-Jun-25,,10399
MADAGASCAR,Nosy Be,S1,01-Jan,31-Dec,145,68,213,01-Mar-09,,13402
MALAWI,[Other],S1,01-Jan,31-Dec,137,62,199,01-May-24,,11842
MALAWI,Blantyre,S1,01-Jan,31-Dec,172,104,276,01-May-24,,11491
MALAWI,Lilongwe,S1,01-Jan,31-Dec,176,69,245,01-Jan-24,,10400
MALAWI,Salima,S1,01-Jan,31-Dec,188,73,261,01-May-24,,12580
MALAYSIA,[Other],S1,01-Jan,31-Dec,194,71,265,01-Jan-26,23,11797
MALAYSIA,"Kota Kinabalu, Sabah",S1,01-Jan,31-Dec,206,120,326,01-Jan-26,23,11609
MALAYSIA,Kuala Lumpur,S1,01-Jan,31-Dec,210,84,294,01-Jan-26,23,10289
MALAYSIA,Kuantan,S1,01-Jan,31-Dec,156,86,242,01-Jan-26,23,12871
MALAYSIA,Langkawi,S1,01-Jan,31-Dec,319,87,406,01-Jan-26,23,15032
MALAYSIA,Melaka,S1,01-Jan,31-Dec,186,84,270,01-Jan-26,23,15008
MALAYSIA,Penang,S1,01-Jan,31-Dec,161,68,229,01-Jan-26,23,12027
MALDIVES,Maldives,S1,01-Jan,31-Dec,329,134,463,01-Apr-22,,11694
MALDIVES,Male,S1,01-Jan,31-Dec,329,134,463,01-Apr-22,,15047
MALI,[Other],S1,01-Jan,31-Dec,69,46,115,01-Oct-25,2,11866
MALI,Bamako,S1,01-Jan,31-Dec,346,131,477,01-Oct-25,2,10401
MALTA,Malta,S1,01-Jan,31-Dec,337,145,482,01-Aug-25,,11064
MARSHALL ISLANDS,[Other],S1,01-Jan,31-Dec,50,33,83,01-Feb-07,,11803
MARSHALL ISLANDS,Kwajalein Atoll,S1,01-Jan,31-Dec,130,46,176,01-Jul-11,,11610
MARSHALL ISLANDS,Likiep Atoll,S1,01-Jan,31-Dec,76,37,113,01-Feb-07,,13598
MARSHALL ISLANDS,Majuro,S1,01-Jan,31-Dec,152,92,244,01-Feb-23,,10321
MARTINIQUE,Martinique,S1,01-Jan,31-Dec,170,135,305,01-Feb-20,,10060
MAURITANIA,[Other],S1,01-Jan,31-Dec,43,35,78,01-May-16,,11907
MAURITANIA,Kaedi,S1,01-Jan,31-Dec,43,33,76,01-May-16,,13554
MAURITANIA,Nouadhibou,S1,01-Jan,31-Dec,73,56,129,01-May-16,,11495
MAURITANIA,Nouakchott,S1,01-Jan,31-Dec,126,69,195,01-Jan-24,,10402
MAURITIUS,Mauritius,S1,01-Jan,31-Dec,331,140,471,01-Apr-25,,11065
Mayotte,Mayotte Islands,S1,01-Jan,31-Dec,114,71,185,01-Aug-25,,19007
MEXICO,[Other],S1,01-Jan,31-Dec,141,115,256,01-Jan-26,,11751
MEXICO,Acapulco,S1,01-Jan,31-Dec,283,148,431,01-Jan-26,,11629
MEXICO,Campeche,S1,01-Jan,31-Dec,175,77,252,01-Jan-26,,11632
MEXICO,Cancun,S1,01-Jan,31-Dec,287,135,422,01-Aug-24,,11633
MEXICO,Chihuahua,S1,01-Jan,31-Dec,121,92,213,01-Jan-26,,11634
MEXICO,Ciudad Juarez,S1,01-Jan,31-Dec,168,90,258,01-Jan-26,,10070
MEXICO,Ciudad Victoria,S1,01-Jan,31-Dec,96,55,151,01-May-04,,12029
MEXICO,Colima,S1,01-Jan,31-Dec,119,76,195,01-Oct-13,,11638
MEXICO,Cozumel,S1,01-Jan,31-Dec,182,105,287,01-Jan-26,,11639
MEXICO,Cuernavaca,S1,01-Jan,31-Dec,203,107,310,01-Jan-26,,11022
MEXICO,Culiacan,S1,01-Jan,31-Dec,134,123,257,01-Jan-26,,12233
MEXICO,Ensenada,S1,01-Jan,31-Dec,241,123,364,01-Aug-24,,11641
MEXICO,Guadalajara,S1,01-Jan,31-Dec,241,126,367,01-Jan-26,,10071
MEXICO,Hermosillo,S1,01-Jan,31-Dec,116,122,238,01-Jan-26,,10085
MEXICO,Huatulco,S1,01-Jan,31-Dec,297,113,410,01-Aug-24,,12724
MEXICO,Ixtapa Zihuatanejo,S1,01-Jan,31-Dec,226,122,348,01-Jan-26,,11644
MEXICO,La Paz,S1,01-Jan,31-Dec,202,93,295,01-Aug-24,,11645
MEXICO,Los Cabos (Cabo San Lucas and San Jose del Ca,S1,01-Jan,31-Dec,272,112,384,01-Aug-24,,11631
MEXICO,Manzanillo,S1,01-Jul,30-Nov,226,108,334,01-Jan-26,,11648
MEXICO,Manzanillo,S2,01-Dec,30-Jun,282,114,396,01-Jan-26,,11648
MEXICO,Matamoros,S1,01-Jan,31-Dec,88,90,178,01-Jan-26,,10072
MEXICO,Mazatlan,S1,01-Jan,31-Dec,130,127,257,01-Jan-26,,10080
MEXICO,Merida,S1,01-Jan,31-Dec,184,115,299,01-Nov-24,,10073
MEXICO,Mexicali,S1,01-Jan,31-Dec,182,116,298,01-Aug-24,,11650
MEXICO,"Mexico City, D.F.",S1,01-Jan,31-Dec,250,132,382,01-Jan-26,,10069
MEXICO,Monterrey,S1,01-Jan,31-Dec,205,152,357,01-Jan-26,,10075
MEXICO,Morelia,S1,01-Jan,31-Dec,175,102,277,01-Jan-26,,11652
MEXICO,Nogales,S1,01-Jan,31-Dec,125,93,218,01-Jan-26,,11653
MEXICO,Nuevo Laredo,S1,01-Jan,31-Dec,107,101,208,01-Jan-26,,10077
MEXICO,Oaxaca,S1,01-Jan,31-Dec,245,104,349,01-Jan-26,,12721
MEXICO,"Playa del Carmen, Quintana Roo",S1,01-Jan,31-Dec,164,98,262,01-Aug-24,,13821
MEXICO,Puebla,S1,01-Jan,31-Dec,203,107,310,01-Jan-26,,12720
MEXICO,Puerto Penasco,S1,01-Jan,31-Dec,241,121,362,01-Dec-16,,13436
MEXICO,Puerto Vallarta,S1,01-Jan,31-Dec,243,129,372,01-Jan-26,,11655
MEXICO,Queretaro,S1,01-Jan,31-Dec,210,128,338,01-Jan-26,,12030
MEXICO,San Carlos,S1,01-Jan,31-Dec,129,96,225,01-Jan-26,,11657
MEXICO,San Luis Potosi,S1,01-Jan,31-Dec,160,102,262,01-Jan-26,,11660
MEXICO,San Miguel de Allende,S1,01-Jan,31-Dec,210,128,338,01-Jan-26,,11662
MEXICO,Tapachula,S1,01-Jan,31-Dec,80,77,157,01-Jul-24,,10462
MEXICO,Tijuana,S1,01-Jan,31-Dec,193,105,298,01-Jan-26,,10078
MEXICO,Valle del Bravo,S1,01-Jan,31-Dec,281,106,387,01-Nov-24,,15061
MEXICO,Veracruz,S1,01-Jan,31-Dec,120,103,223,01-Aug-24,,10079
MEXICO,Zacatecas,S1,01-Jan,31-Dec,171,90,261,01-Jan-26,,11665
"Micronesia, Federated States of",[Other],S1,01-Jan,31-Dec,141,85,226,01-Jan-19,,11868
"Micronesia, Federated States of",Chuuk,S1,01-Jan,31-Dec,141,85,226,01-Jan-19,,10800
"Micronesia, Federated States of",Kosrae,S1,01-May,31-Oct,131,84,215,01-Jul-25,,10801
"Micronesia, Federated States of",Kosrae,S2,01-Nov,30-Apr,184,89,273,01-Jul-25,,10801
"Micronesia, Federated States of",Pohnpei,S1,01-Jan,31-Dec,154,85,239,01-May-25,,10802
"Micronesia, Federated States of",Yap,S1,01-Jan,31-Dec,198,91,289,01-Aug-25,,10803
MOLDOVA,[Other],S1,01-Jan,31-Dec,154,91,245,01-Apr-23,,11869
MOLDOVA,Chisinau,S1,01-Jan,31-Dec,154,91,245,01-Apr-23,,10178
MONACO,Monaco,S1,01-Jan,31-Dec,435,130,565,01-Aug-25,,11695
MONGOLIA,[Other],S1,01-Jan,31-Dec,140,66,206,01-Feb-23,,11798
MONGOLIA,Ulaanbaatar,S1,01-Jan,31-Dec,185,85,270,01-May-25,,10294
MONTENEGRO,[Other],S1,01-Jan,31-Dec,230,111,341,01-Aug-25,,13600
MONTENEGRO,Podgorica,S1,01-Jan,31-Dec,230,111,341,01-Aug-25,,13596
MONTSERRAT,Montserrat,S1,01-Jan,31-Dec,131,97,228,01-Jan-24,,19019
MOROCCO,[Other],S1,01-Jan,31-Dec,353,96,449,01-Jun-25,,11896
MOROCCO,Agadir,S1,01-Jan,31-Dec,288,106,394,01-Jun-25,,11399
MOROCCO,Casablanca,S1,01-Jan,31-Dec,331,141,472,01-Jun-25,,10352
MOROCCO,Fes,S1,01-Jan,31-Dec,354,143,497,01-Jun-25,,11401
MOROCCO,Marrakech,S1,01-Jan,31-Dec,386,153,539,01-Jun-25,,11032
MOROCCO,Ouarzazate,S1,01-Jan,31-Dec,281,144,425,01-Jun-25,,11404
MOROCCO,Rabat,S1,01-Jan,31-Dec,386,162,548,01-Jun-25,,10351
MOROCCO,Tangier,S1,01-Jan,31-Dec,331,176,507,01-Jun-25,,10353
MOROCCO,Taroudant,S1,01-Jan,31-Dec,276,145,421,01-Jun-25,,11405
MOZAMBIQUE,[Other],S1,01-Jan,31-Dec,160,113,273,01-Apr-25,,11870
MOZAMBIQUE,Maputo,S1,01-Jan,31-Dec,195,110,305,01-Apr-25,,10404
MOZAMBIQUE,Pemba,S1,01-Jan,31-Dec,160,113,273,01-Apr-25,,19020
NAMIBIA,[Other],S1,01-Jan,31-Dec,155,73,228,01-Jan-26,,11847
NAMIBIA,Etosha,S1,01-Jan,31-Dec,83,71,154,01-Jan-26,,12806
NAMIBIA,Opuwo,S1,01-Jan,31-Dec,98,76,174,01-Jan-26,,19950
NAMIBIA,Walvis Bay,S1,01-Jan,31-Dec,98,79,177,01-Jan-26,,15052
NAMIBIA,Windhoek,S1,01-Jan,31-Dec,134,89,223,01-Jan-26,,10405
NAURU,Nauru,S1,01-Jan,31-Dec,247,83,330,01-Jun-24,,11696
NEPAL,[Other],S1,01-Jan,31-Dec,153,90,243,01-Nov-18,,11814
NEPAL,Kathmandu,S1,01-Jan,31-Dec,204,102,306,01-Jan-26,,10355
NEPAL,Pokhara,S1,01-Jan,31-Dec,160,113,273,01-Nov-18,,11034
NETHERLANDS,[Other],S1,01-Jan,31-Dec,192,120,312,01-Aug-25,,11776
NETHERLANDS,Amsterdam,S1,01-Jan,31-Dec,453,192,645,01-Aug-25,,10180
NETHERLANDS,Coevorden,S1,01-Jan,31-Dec,163,121,284,01-Aug-25,,11513
NETHERLANDS,Eindhoven,S1,01-Jan,31-Dec,234,141,375,01-Aug-25,,13545
NETHERLANDS,Lisse,S1,01-Jan,31-Dec,179,130,309,01-Aug-25,,11519
NETHERLANDS,Maastricht,S1,01-Jan,31-Dec,312,165,477,01-Aug-25,,11510
NETHERLANDS,Noordwijk,S1,01-Jan,31-Dec,198,108,306,01-Aug-25,,11520
NETHERLANDS,Papendrecht,S1,01-Jan,31-Dec,295,157,452,01-Aug-25,7,11515
NETHERLANDS,Rotterdam,S1,01-Jan,31-Dec,295,157,452,01-Aug-25,7,10181
NETHERLANDS,Schiphol,S1,01-Jan,31-Dec,362,192,554,01-Aug-25,,10938
NETHERLANDS,The Hague,S1,01-Jan,31-Dec,290,176,466,01-Aug-25,,10179
NETHERLANDS,Utrecht,S1,01-Jan,31-Dec,171,120,291,01-Aug-25,,11521
NEW CALEDONIA,New Caledonia,S1,01-Jan,31-Dec,192,97,289,01-Jul-08,,11697
NEW ZEALAND,[Other],S1,01-Jan,31-Dec,97,78,175,01-Dec-25,,11871
NEW ZEALAND,Auckland,S1,01-Jan,31-Dec,224,115,339,01-Dec-25,,10296
NEW ZEALAND,Christchurch,S1,01-Jan,31-Dec,178,119,297,01-Dec-25,,10297
NEW ZEALAND,Dunedin,S1,01-Jan,31-Dec,112,95,207,01-Dec-25,,12518
NEW ZEALAND,Queenstown,S1,01-Jan,31-Dec,241,109,350,01-Dec-25,,12313
NEW ZEALAND,Rotorua,S1,01-Jan,31-Dec,115,96,211,01-Dec-25,,12311
NEW ZEALAND,Wellington,S1,01-Jan,31-Dec,176,132,308,01-Dec-25,,10295
NICARAGUA,[Other],S1,01-Jan,31-Dec,98,55,153,01-Apr-11,,11872
NICARAGUA,Corn Island,S1,01-Jan,31-Dec,116,65,181,01-Apr-11,,12695
NICARAGUA,Managua,S1,01-Jan,31-Dec,152,94,246,01-Feb-24,,10089
NICARAGUA,San Juan del Sur,S1,01-Jan,31-Dec,242,70,312,01-May-11,,12696
NIGER,[Other],S1,01-Jan,31-Dec,99,57,156,01-Jul-11,,11844
NIGER,Niamey,S1,01-Jan,31-Dec,177,84,261,01-Jan-25,,10406
NIGERIA,[Other],S1,01-Jan,31-Dec,318,131,449,01-Oct-15,2,11902
NIGERIA,Abuja,S1,01-Jan,31-Dec,321,119,440,01-Mar-25,,10741
NIGERIA,Kaduna,S1,01-Jan,31-Dec,265,113,378,01-Oct-14,2,10743
NIGERIA,Lagos,S1,01-Jan,31-Dec,255,145,400,01-Aug-24,,10744
NIGERIA,Port Harcourt,S1,01-Jan,31-Dec,318,131,449,01-Oct-15,2,13508
NIUE,Niue,S1,01-Jan,31-Dec,149,67,216,01-Dec-25,,11698
NORTH MACEDONIA,[Other],S1,01-Jan,31-Dec,96,90,186,01-Sep-25,,11966
NORTH MACEDONIA,Ohrid,S1,01-Jan,31-Dec,96,90,186,01-Sep-25,,19994
NORTH MACEDONIA,Skopje,S1,01-Jan,31-Dec,160,97,257,01-Sep-25,,11964
NORWAY,[Other],S1,01-Jan,31-Dec,247,148,395,01-Oct-25,,11897
NORWAY,Oslo,S1,01-Jan,31-Dec,247,148,395,01-Oct-25,,10183
NORWAY,Stavanger,S1,01-Jan,31-Dec,402,160,562,01-Oct-25,,12499
NORWAY,Tromso,S1,01-Jan,31-Dec,553,163,716,01-Oct-25,,10189
OMAN,[Other],S1,01-Jun,30-Sep,211,170,381,01-Mar-15,,11816
OMAN,[Other],S2,01-Oct,31-May,167,165,332,01-Mar-15,,11816
OMAN,Duqm,S1,01-Jan,31-Dec,179,135,314,01-Mar-15,,15071
OMAN,Muscat,S1,01-Jan,31-Dec,494,160,654,01-Mar-25,,10361
OMAN,Salalah,S1,01-Jun,30-Sep,211,170,381,01-Mar-15,,12034
OMAN,Salalah,S2,01-Oct,31-May,167,165,332,01-Mar-15,,12034
OTHER FOREIGN LOCALITIES,Other Foreign Localities,S1,01-Jan,31-Dec,55,43,98,01-Oct-24,,11074
PAKISTAN,[Other],S1,01-Jan,31-Dec,177,82,259,01-Jun-16,"107,104,89,2",11815
PAKISTAN,Faisalabad,S1,01-Jan,31-Dec,163,94,257,01-Jun-16,"107,104,89,2",11035
PAKISTAN,Islamabad,S1,01-Jan,31-Dec,130,80,210,01-Nov-23,"107,104,89,41,2",10356
PAKISTAN,Karachi,S1,01-Jan,31-Dec,177,102,279,01-Feb-24,"107,104,89,2",10359
PAKISTAN,Lahore,S1,01-Jan,31-Dec,227,61,288,01-May-23,"104,89,107,2",10357
PAKISTAN,Peshawar,S1,01-Jan,31-Dec,145,74,219,01-Nov-23,"107,89,104,2",10358
PAKISTAN,Quetta,S1,01-Jan,31-Dec,177,82,259,01-Jun-16,"107,104,89,2",11037
PALAU,[Other],S1,01-Jan,31-Dec,250,145,395,01-May-25,,11905
PALAU,Koror,S1,01-Jan,31-Dec,250,145,395,01-May-25,,10805
PANAMA,[Other],S1,01-Jan,31-Dec,84,58,142,01-Dec-12,,11753
PANAMA,Colon,S1,01-Jan,31-Dec,114,87,201,01-Jan-15,,11026
PANAMA,"David, Chiriqui",S1,01-Jan,31-Dec,114,81,195,01-Nov-12,,12337
PANAMA,Panama City,S1,01-Jan,31-Dec,173,99,272,01-Jan-15,,11076
PAPUA NEW GUINEA,[Other],S1,01-Jan,31-Dec,135,54,189,01-Sep-25,,11799
PAPUA NEW GUINEA,Port Moresby,S1,01-Jan,31-Dec,223,71,294,01-Sep-25,,10300
PARAGUAY,[Other],S1,01-Jan,31-Dec,62,60,122,01-Aug-13,,11873
PARAGUAY,Asuncion,S1,01-Jan,31-Dec,175,95,270,01-Jan-26,,10091
PARAGUAY,Ciudad del Este,S1,01-Jan,31-Dec,133,85,218,01-Aug-13,,11670
PARAGUAY,Pegro Juan,S1,01-Jan,31-Dec,45,76,121,01-Aug-13,,12038
PERU,[Other],S1,01-Jan,31-Dec,127,95,222,01-Nov-25,2,11754
PERU,Cusco,S1,01-Jan,31-Dec,230,118,348,01-Nov-25,,11673
PERU,Lima,S1,01-Jan,31-Dec,250,103,353,01-Nov-25,,10092
PERU,Paracas,S1,01-Jan,31-Dec,220,112,332,01-Nov-25,,12292
PHILIPPINES,[Other],S1,01-Jan,31-Dec,115,65,180,01-Nov-25,2,11875
PHILIPPINES,Baguio City,S1,01-Jan,31-Dec,126,80,206,01-Nov-25,,11612
PHILIPPINES,Bohol,S1,01-Jan,31-Dec,224,88,312,01-Nov-25,,91199
PHILIPPINES,Boracay,S1,01-Jan,31-Dec,258,101,359,01-Nov-25,,91198
PHILIPPINES,Cebu,S1,01-Jan,31-Dec,108,77,185,01-Nov-25,,10302
PHILIPPINES,Clark AFB,S1,01-Jan,31-Dec,131,90,221,01-Nov-25,,91161
PHILIPPINES,Coron,S1,01-Jan,31-Dec,207,100,307,01-Nov-25,,91200
PHILIPPINES,Davao City,S1,01-Jan,31-Dec,84,71,155,01-Nov-25,2,11613
PHILIPPINES,El Nido,S1,01-Jan,31-Dec,224,85,309,01-Nov-25,,91201
PHILIPPINES,Mactan,S1,01-Jan,31-Dec,134,81,215,01-Nov-25,,20008
PHILIPPINES,Manila,S1,01-Jan,31-Dec,198,91,289,01-Nov-25,34,10301
POLAND,[Other],S1,01-Jan,31-Dec,117,86,203,01-Jan-26,29,11777
POLAND,Gdansk,S1,01-Jan,31-Dec,139,99,238,01-Jan-26,"29,31",11736
POLAND,Katowice,S1,01-Jan,31-Dec,144,130,274,01-Jan-26,29,12360
POLAND,Krakow,S1,01-Jan,31-Dec,247,131,378,01-Jan-26,29,10192
POLAND,Poznan,S1,01-Jan,31-Dec,125,102,227,01-Jan-26,29,10191
POLAND,Rzeszow,S1,01-Jan,31-Dec,131,110,241,01-Jan-26,29,13546
POLAND,Warsaw,S1,01-Jan,31-Dec,202,113,315,01-Jan-26,29,10190
POLAND,Wroclaw,S1,01-Jan,31-Dec,181,146,327,01-Jan-26,29,12249
PORTUGAL,[Other],S1,01-Jan,31-Dec,102,67,169,01-Aug-25,,11909
PORTUGAL,Cascais,S1,01-Jan,31-Dec,110,98,208,01-Aug-25,,12145
PORTUGAL,Estoril,S1,01-Jan,31-Dec,110,98,208,01-Aug-25,,12146
PORTUGAL,Faial Island,S1,01-Apr,31-Oct,109,74,183,01-Aug-25,,13018
PORTUGAL,Faial Island,S2,01-Nov,31-Mar,101,73,174,01-Aug-25,,13018
PORTUGAL,Lisbon,S1,01-Jan,31-Dec,280,112,392,01-Aug-25,,10185
PORTUGAL,Madeira Islands,S1,01-Jan,31-Dec,114,63,177,01-Aug-25,,12958
PORTUGAL,Oeiras,S1,01-Jan,31-Dec,110,98,208,01-Aug-25,,12147
PORTUGAL,Oporto,S1,01-Jan,31-Dec,242,129,371,01-Aug-25,,10186
PORTUGAL,Ponta Delgada,S1,01-Apr,31-Oct,186,63,249,01-Aug-25,,13020
PORTUGAL,Ponta Delgada,S2,01-Nov,31-Mar,146,59,205,01-Aug-25,,13020
PORTUGAL,Sao Miguel Island,S1,01-Jan,31-Dec,276,95,371,01-Aug-25,,13019
QATAR,[Other],S1,01-Jan,31-Dec,240,165,405,01-Mar-24,,11817
QATAR,Doha,S1,01-Jan,31-Dec,240,165,405,01-Mar-24,,10362
REPUBLIC OF THE CONGO,[Other],S1,01-Jan,31-Dec,267,129,396,01-Sep-25,,11830
REPUBLIC OF THE CONGO,Brazzaville,S1,01-Jan,31-Dec,267,129,396,01-Sep-25,,10385
REUNION,Reunion,S1,01-Jan,31-Dec,145,76,221,01-Apr-07,,11729
ROMANIA,[Other],S1,01-Jan,31-Dec,137,108,245,01-Jul-25,71,11876
ROMANIA,Bucharest,S1,01-Jan,31-Dec,185,127,312,01-Jul-25,71,10194
ROMANIA,Constanta-Mihail Kogalniceanu AB,S1,01-Jan,31-Dec,124,90,214,01-Jul-25,71,13652
RUSSIA,[Other],S1,01-Jan,31-Dec,173,112,285,01-Feb-22,,11778
RUSSIA,Moscow,S1,01-Jan,31-Dec,350,154,504,01-Nov-24,33,10196
RUSSIA,Saint Petersburg,S1,01-Jan,31-Dec,352,134,486,01-Feb-22,,10197
RUSSIA,Sochi,S1,01-Jan,31-Dec,305,202,507,01-Nov-14,,19957
RUSSIA,Yuzhno-Sakhalinsk,S1,01-Jan,31-Dec,250,120,370,01-Aug-06,,12564
RWANDA,[Other],S1,01-Jan,31-Dec,112,54,166,01-Jul-25,,11845
RWANDA,Akagera,S1,01-Jan,31-Dec,173,60,233,01-Jul-25,,19002
RWANDA,Gisenyi,S1,01-Jan,31-Dec,112,54,166,01-Jul-25,,13473
RWANDA,Kigali,S1,01-Jan,31-Dec,203,74,277,01-Jul-25,,10407
RWANDA,Ruhengeri,S1,01-Jan,31-Dec,165,46,211,01-Jul-25,,13474
SAINT HELENA,Saint Helena,S1,01-Jan,31-Dec,44,15,59,01-Jul-25,,11066
SAINT KITTS AND NEVIS,Saint Kitts and Nevis,S1,01-Jan,31-Dec,259,138,397,01-Apr-23,,11700
SAINT VINCENT AND THE GRENADINES,Saint Vincent and the Grenadines,S1,01-Jan,31-Dec,220,110,330,01-Apr-23,,11703
Samoa,Samoa,S1,01-Jan,31-Dec,218,148,366,01-Sep-25,,11071
SAN MARINO,San Marino,S1,01-Jan,31-Dec,120,101,221,01-Aug-25,,11704
SAO TOME AND PRINCIPE,Principe,S1,01-Jan,31-Dec,258,47,305,01-Jan-09,,13520
SAO TOME AND PRINCIPE,Sao Tome,S1,01-Jan,31-Dec,195,128,323,01-Oct-25,,13522
SAUDI ARABIA,[Other],S1,01-Jan,31-Dec,352,155,507,01-Nov-24,11,11818
SAUDI ARABIA,Dhahran Area,S1,01-Jan,31-Dec,304,134,438,01-Mar-23,11,10364
SAUDI ARABIA,Jeddah,S1,01-Jan,31-Dec,352,155,507,01-Nov-24,11,10365
SAUDI ARABIA,Medina,S1,01-Jun,30-Sep,169,93,262,01-Mar-05,11,13407
SAUDI ARABIA,Medina,S2,01-Oct,31-May,100,86,186,01-Mar-05,11,13407
SAUDI ARABIA,Riyadh,S1,01-Jan,31-Dec,416,178,594,01-Mar-25,11,10363
SAUDI ARABIA,Taif,S1,01-Jun,30-Sep,133,89,222,01-Mar-05,11,11046
SAUDI ARABIA,Taif,S2,01-Oct,31-May,111,87,198,01-Mar-05,11,11046
SENEGAL,[Other],S1,01-Jan,31-Dec,99,111,210,01-Oct-25,,11877
SENEGAL,Dakar,S1,01-Jan,31-Dec,248,161,409,01-Oct-25,,10408
SENEGAL,Mbour,S1,01-Jan,31-Dec,191,102,293,01-Jul-25,,19009
SERBIA,[Other],S1,01-Jan,31-Dec,98,62,160,01-Nov-19,,11921
SERBIA,Belgrade,S1,01-Jan,31-Dec,208,100,308,01-Sep-25,,11047
SERBIA,Kopaonik,S1,01-Jan,31-Dec,152,68,220,01-Apr-15,,20003
SEYCHELLES,Seychelles,S1,01-Jan,31-Dec,490,172,662,01-Mar-24,,11068
SIERRA LEONE,[Other],S1,01-Jan,31-Dec,130,70,200,01-Mar-24,,11846
SIERRA LEONE,Freetown,S1,01-Jan,31-Dec,180,101,281,01-Apr-24,,10409
SINGAPORE,Singapore,S1,01-Jan,31-Dec,302,162,464,01-Jan-26,,10309
Sint Maarten,Sint Maarten,S1,01-Jan,31-Dec,459,169,628,01-Jan-25,,11667
Slovakia,[Other],S1,01-Jan,31-Dec,144,89,233,01-Aug-25,,11941
Slovakia,Bratislava,S1,01-Jan,31-Dec,207,143,350,01-Aug-25,,11540
Slovakia,Liptovsky Mikulas,S1,01-Jan,31-Dec,131,100,231,01-Aug-25,,91135
Slovakia,Zilina,S1,01-Jan,31-Dec,155,95,250,01-Aug-25,,13647
SLOVENIA,[Other],S1,01-Jan,31-Dec,197,149,346,01-Aug-25,,11942
SLOVENIA,Ljubljana,S1,01-Jan,31-Dec,197,149,346,01-Aug-25,,11541
SLOVENIA,Portoroz,S1,01-Jan,31-Dec,207,86,293,01-Apr-05,,13413
SOLOMON ISLANDS,[Other],S1,01-Jan,31-Dec,341,122,463,01-Feb-25,,91177
SOLOMON ISLANDS,Honiara,S1,01-Jan,31-Dec,341,122,463,01-Feb-25,,11069
SOMALIA,[Other],S1,01-Jan,31-Dec,112,57,169,01-Nov-07,"22,2",11889
SOMALIA,Mogadishu,S1,01-Jan,31-Dec,0,66,66,01-Apr-18,"22,2",10410
SOUTH AFRICA,[Other],S1,01-Jan,31-Dec,103,58,161,01-Jan-26,,11848
SOUTH AFRICA,Bloemfontein,S1,01-Jan,31-Dec,99,75,174,01-Jan-26,,13003
SOUTH AFRICA,Cape Town,S1,01-Jan,31-Dec,227,91,318,01-Jan-26,,10412
SOUTH AFRICA,Durban,S1,01-Jan,31-Dec,184,92,276,01-Nov-25,,10413
SOUTH AFRICA,Johannesburg,S1,01-Jan,31-Dec,205,89,294,01-Jan-26,,10414
SOUTH AFRICA,Pretoria,S1,01-Jan,31-Dec,200,86,286,01-Jan-26,,10411
SOUTH AFRICA,Stellenbosch,S1,01-Jan,31-Dec,149,79,228,01-Jan-26,,13393
SOUTH AFRICA,Sun City,S1,01-Jan,31-Dec,112,53,165,01-Jan-26,,12784
SOUTH SUDAN,[Other],S1,01-Jan,31-Dec,275,90,365,01-Nov-21,2,15046
SOUTH SUDAN,Juba,S1,01-Jan,31-Dec,275,90,365,01-Nov-21,2,13453
SPAIN,[Other],S1,01-Jan,31-Dec,153,100,253,01-Aug-25,,11779
SPAIN,Almeria,S1,01-Jan,31-Dec,169,109,278,01-Aug-25,,13396
SPAIN,Balearic Islands,S1,01-Jan,31-Dec,254,138,392,01-Aug-25,,13157
SPAIN,Barcelona,S1,01-Jan,31-Dec,307,134,441,01-Aug-25,,10202
SPAIN,Bilbao,S1,01-Jan,31-Dec,209,130,339,01-Aug-25,,10203
SPAIN,Fuengirola,S1,01-Jan,31-Dec,239,127,366,01-Aug-25,,11523
SPAIN,La Coruna,S1,01-Jan,31-Dec,151,91,242,01-Aug-25,,11526
SPAIN,Las Palmas de Gran Canaria,S1,01-Jan,31-Dec,284,155,439,01-Aug-25,,12914
SPAIN,Madrid,S1,01-Jan,31-Dec,375,137,512,01-Aug-25,,10201
SPAIN,Malaga,S1,01-Jan,31-Dec,278,147,425,01-Aug-25,,11529
SPAIN,Marbella,S1,01-Jan,31-Dec,150,100,250,01-Aug-25,,11530
SPAIN,Oviedo,S1,01-Jan,31-Dec,123,92,215,01-Aug-25,,11531
SPAIN,San Sebastian,S1,01-Jan,31-Dec,241,160,401,01-Aug-25,,11533
SPAIN,Santa Cruz de Tenerife,S1,01-Jan,31-Dec,130,91,221,01-Aug-25,,12913
SPAIN,Santander,S1,01-Jan,31-Dec,173,89,262,01-Aug-25,,11534
SPAIN,Santiago de Compostela,S1,01-Jan,31-Dec,282,146,428,01-Aug-25,,11535
SPAIN,Seville,S1,01-Jan,31-Dec,311,130,441,01-Aug-25,,10204
SPAIN,Valencia,S1,01-Jan,31-Dec,302,120,422,01-Aug-25,,11538
SPAIN,Vigo,S1,01-Jan,31-Dec,144,90,234,01-Aug-25,,12915
SPAIN,Zaragoza,S1,01-Jan,31-Dec,234,145,379,01-Apr-08,,10959
SRI LANKA,[Other],S1,01-Jan,31-Dec,120,90,210,01-Oct-24,,11808
SRI LANKA,Colombo,S1,01-Jan,31-Dec,233,68,301,01-Oct-25,,10332
SRI LANKA,Galle,S1,01-Jan,31-Dec,255,119,374,01-Nov-24,,12470
SRI LANKA,Kandy,S1,01-Jan,31-Dec,177,69,246,01-Oct-11,,11041
SRI LANKA,Trincomalee,S1,01-Jan,31-Dec,155,76,231,01-Apr-11,,19022
ST LUCIA,Saint Lucia,S1,01-Jan,31-Dec,331,157,488,01-Mar-23,,11701
SUDAN,[Other],S1,01-Jan,31-Dec,300,109,409,01-Oct-25,2,11879
SUDAN,Khartoum,S1,01-Jan,31-Dec,297,140,437,01-Feb-23,,10418
SURINAME,[Other],S1,01-Jan,31-Dec,149,111,260,01-Mar-16,,11880
SURINAME,Paramaribo,S1,01-Jan,31-Dec,149,111,260,01-Mar-16,,10096
SWEDEN,[Other],S1,01-Jan,31-Dec,289,152,441,01-Jan-26,,11780
SWEDEN,Stockholm,S1,01-Jan,31-Dec,289,152,441,01-Jan-26,,10206
SWITZERLAND,[Other],S1,01-Jan,31-Dec,281,188,469,01-Aug-25,144,11781
SWITZERLAND,Bad Ragaz,S1,01-Jan,31-Dec,497,189,686,01-Aug-25,144,20009
SWITZERLAND,Basel,S1,01-Jan,31-Dec,288,203,491,01-Aug-25,144,12483
SWITZERLAND,Bern,S1,01-Jan,31-Dec,349,192,541,01-Aug-25,144,10208
SWITZERLAND,Davos,S1,01-Jan,31-Dec,410,224,634,01-Aug-25,144,12690
SWITZERLAND,Geneva,S1,01-Jan,31-Dec,418,206,624,01-Aug-25,144,10210
SWITZERLAND,Klosters,S1,01-Jan,31-Dec,338,212,550,01-Aug-25,144,12738
SWITZERLAND,Lugano,S1,01-Jan,31-Dec,312,202,514,01-Aug-25,144,12739
SWITZERLAND,Montreux,S1,01-Jan,31-Dec,413,180,593,01-Aug-25,144,12482
SWITZERLAND,Zurich,S1,01-Jan,31-Dec,439,236,675,01-Aug-25,144,10209
SYRIA,[Other],S1,01-Jan,31-Dec,388,139,527,01-Sep-25,"103,2",11881
SYRIA,Damascus,S1,01-Jan,31-Dec,388,139,527,01-Sep-25,"103,2",10366
TAIWAN,[Other],S1,01-Jan,31-Dec,131,114,245,01-Mar-23,,11906
TAIWAN,Kaohsiung,S1,01-Jan,31-Dec,148,124,272,01-Dec-25,,10313
TAIWAN,Taichung,S1,01-Jan,31-Dec,109,75,184,01-Dec-25,,11619
TAIWAN,Taipei,S1,01-Jan,31-Dec,193,111,304,01-Dec-25,,10311
TAJIKISTAN,[Other],S1,01-Jan,31-Dec,100,55,155,01-Feb-11,,11782
TAJIKISTAN,Dushanbe,S1,01-Jan,31-Dec,229,91,320,01-Nov-25,,10211
TAJIKISTAN,Khorog,S1,01-Jan,31-Dec,176,80,256,01-Feb-11,,19013
TAJIKISTAN,Kulob,S1,01-Jan,31-Dec,100,55,155,01-Feb-11,,19018
TANZANIA,[Other],S1,01-Jan,31-Dec,150,78,228,01-Jun-24,21,11851
TANZANIA,Arusha,S1,01-Jan,31-Dec,220,150,370,01-Oct-25,21,12158
TANZANIA,Dar Es Salaam,S1,01-Jan,31-Dec,305,137,442,01-Oct-25,21,10420
TANZANIA,Dodoma,S1,01-Jan,31-Dec,150,85,235,01-Oct-25,21,91162
TANZANIA,Morogoro,S1,01-Jan,31-Dec,137,60,197,01-Jun-14,21,15068
TANZANIA,Zanzibar,S1,01-Jan,31-Dec,301,131,432,01-Oct-25,21,13482
THAILAND,[Other],S1,01-Jan,31-Dec,99,63,162,01-Jan-24,,11882
THAILAND,Bangkok,S1,01-Jan,31-Dec,259,118,377,01-Jan-26,62,10238
THAILAND,Cha Am,S1,01-Jan,31-Dec,185,115,300,01-Jan-24,,19993
THAILAND,Chiang Mai,S1,01-Jan,31-Dec,159,100,259,01-Jan-26,,10239
THAILAND,Chiang Rai,S1,01-Jan,31-Dec,129,85,214,01-Mar-24,,13177
THAILAND,Hat Yai,S1,01-Jan,31-Dec,129,85,214,01-Mar-24,,13178
THAILAND,Hua Hin,S1,01-Jan,31-Dec,185,115,300,01-Jan-24,,11621
THAILAND,Khao Lak,S1,01-Jan,31-Dec,207,107,314,01-Feb-24,,13844
THAILAND,Krabi,S1,01-Jan,31-Dec,245,106,351,01-Jan-26,,13845
THAILAND,Nong Khai,S1,01-Jan,31-Dec,99,63,162,01-Jan-24,,11622
THAILAND,Pattaya City,S1,01-Jan,31-Dec,170,105,275,01-Jan-24,,11623
THAILAND,Phuket,S1,01-Jan,31-Dec,245,109,354,01-Mar-24,,11626
THAILAND,Samui Island,S1,01-Jan,31-Dec,260,104,364,01-Jan-24,,11625
TIMOR-LESTE,[Other],S1,01-Jan,31-Dec,70,70,140,01-Dec-18,,13977
TIMOR-LESTE,Dili,S1,01-Jan,31-Dec,180,90,270,01-Mar-24,,13976
TOGO,[Other],S1,01-Jan,31-Dec,65,60,125,01-Oct-25,,11852
TOGO,Lama Kara,S1,01-Jan,31-Dec,97,70,167,01-Oct-25,,12352
TOGO,Lome,S1,01-Jan,31-Dec,189,92,281,01-Oct-25,,10422
Tokelau,Tokelau Islands,S1,01-Jan,31-Dec,20,18,38,01-Sep-93,,11705
TONGA,[Other],S1,01-Jan,31-Dec,177,97,274,01-Jul-25,,11883
TONGA,Nukualofa,S1,01-Jan,31-Dec,177,97,274,01-Jul-25,,10812
TRINIDAD AND TOBAGO,[Other],S1,01-Jan,31-Dec,236,193,429,01-Sep-22,,11884
TRINIDAD AND TOBAGO,Port of Spain,S1,01-Jan,31-Dec,236,193,429,01-Sep-22,,11077
TRINIDAD AND TOBAGO,Tobago,S1,01-Jan,31-Dec,220,109,329,01-Apr-17,,11674
TUNISIA,[Other],S1,01-Jan,31-Dec,96,94,190,01-Jul-25,2,11819
TUNISIA,Hammamet,S1,01-Jan,31-Dec,101,94,195,01-Jul-25,2,11590
TUNISIA,Jerba,S1,01-Jan,31-Dec,198,89,287,01-Jul-25,2,11591
TUNISIA,Monastir,S1,01-Jan,31-Dec,180,94,274,01-Jul-25,2,13930
TUNISIA,Sousse,S1,01-Jan,31-Dec,124,110,234,01-Jul-25,2,11597
TUNISIA,Tabarka,S1,01-Jan,31-Dec,191,131,322,01-Jul-25,2,12309
TUNISIA,Tozeur,S1,01-Jan,31-Dec,88,98,186,01-Jul-25,2,11598
TUNISIA,Tunis,S1,01-Jan,31-Dec,245,118,363,01-Jul-25,"68,2",10367
TURKEY,[Other],S1,01-Jan,31-Dec,235,98,333,01-Aug-24,2,11783
TURKEY,Adana-Incirlik,S1,01-Jan,31-Dec,163,97,260,01-Mar-23,2,10215
TURKEY,Ankara,S1,01-Jan,31-Dec,230,119,349,01-Aug-24,2,10212
TURKEY,Antalya,S1,01-Jan,31-Dec,189,94,283,01-Aug-04,2,11547
TURKEY,Bursa,S1,01-Jan,31-Dec,158,102,260,01-Aug-04,2,12399
TURKEY,Gaziantep,S1,01-Jan,31-Dec,120,78,198,01-Sep-23,2,19985
TURKEY,Istanbul,S1,01-Jan,31-Dec,344,173,517,01-Nov-24,2,10213
TURKEY,Izmir-Cigli,S1,01-Jan,31-Dec,263,101,364,01-Jan-25,2,11545
TURKMENISTAN,[Other],S1,01-Jan,31-Dec,100,65,165,01-Apr-23,,11784
TURKMENISTAN,Ashgabat,S1,01-Jan,31-Dec,115,110,225,01-Jun-19,,10217
TURKS AND CAICOS ISLANDS,Turks and Caicos Islands,S1,01-Jan,15-Apr,304,165,469,01-Mar-15,,12562
TURKS AND CAICOS ISLANDS,Turks and Caicos Islands,S2,16-Apr,31-Dec,231,157,388,01-Mar-15,,12562
TUVALU,Tuvalu,S1,01-Jan,31-Dec,127,68,195,01-Jun-24,,11070
UGANDA,[Other],S1,01-Jan,31-Dec,69,43,112,01-Mar-19,18,11853
UGANDA,Entebbe,S1,01-Jan,31-Dec,172,73,245,01-Mar-19,18,12232
UGANDA,Fort Portal,S1,01-Jan,31-Dec,113,63,176,01-Feb-14,18,15002
UGANDA,Gulu,S1,01-Jan,31-Dec,69,43,112,01-Mar-19,18,15000
UGANDA,Jinja,S1,01-Jan,31-Dec,120,62,182,01-Mar-19,18,13912
UGANDA,Kampala,S1,01-Jan,31-Dec,250,71,321,01-Dec-25,18,10423
UGANDA,Mbale,S1,01-Jan,31-Dec,71,75,146,01-Jan-14,18,15003
UGANDA,Mbarara,S1,01-Jan,31-Dec,100,59,159,01-Mar-19,18,15004
UKRAINE,[Other],S1,01-Jan,31-Dec,140,97,237,01-May-08,,11785
UKRAINE,Kharkiv,S1,01-Jan,31-Dec,152,95,247,01-May-08,,12625
UKRAINE,Kyiv,S1,01-Jan,31-Dec,243,76,319,01-Nov-24,,10218
UNITED ARAB EMIRATES,[Other],S1,01-Jan,31-Dec,328,149,477,01-Jun-23,,11885
UNITED ARAB EMIRATES,Abu Dhabi,S1,01-Jan,31-Dec,328,149,477,01-Jun-23,,10368
UNITED ARAB EMIRATES,Dubai,S1,01-Jan,31-Dec,383,173,556,01-Mar-23,,10369
UNITED KINGDOM,[Other],S1,01-Jan,31-Dec,252,108,360,01-Jul-24,,11886
UNITED KINGDOM,Belfast,S1,01-Jan,31-Dec,208,110,318,01-Jul-25,,10220
UNITED KINGDOM,Birmingham,S1,01-Jan,31-Dec,174,77,251,01-Jul-25,,10221
UNITED KINGDOM,Bristol,S1,01-Jan,31-Dec,207,98,305,01-Jul-25,,10969
UNITED KINGDOM,Cambridge,S1,01-Jan,31-Dec,276,143,419,01-Jul-25,67,10499
UNITED KINGDOM,"Cardiff, Wales",S1,01-Jan,31-Dec,180,88,268,01-Jul-25,,12420
UNITED KINGDOM,Caversham,S1,01-Jan,31-Dec,236,130,366,01-Jul-25,,10504
UNITED KINGDOM,Cheltenham,S1,01-Jan,31-Dec,257,118,375,01-Jan-26,,10506
UNITED KINGDOM,Crawley,S1,01-Jan,31-Dec,424,174,598,01-Jun-25,13,11576
UNITED KINGDOM,Edinburgh,S1,01-Jul,31-Aug,674,170,844,01-Jul-25,,10222
UNITED KINGDOM,Edinburgh,S2,01-Sep,30-Jun,278,130,408,01-Jul-25,,10222
UNITED KINGDOM,Fairford,S1,01-Jan,31-Dec,180,94,274,01-Jul-25,,10976
UNITED KINGDOM,Gatwick,S1,01-Jan,31-Dec,182,129,311,01-Jul-25,,11550
UNITED KINGDOM,Glasgow,S1,01-Jan,31-Dec,257,127,384,01-Jul-25,,10223
UNITED KINGDOM,Harrogate,S1,01-Jan,31-Dec,208,120,328,01-Jul-25,,11553
UNITED KINGDOM,High Wycombe,S1,01-Jan,31-Dec,162,98,260,01-Jul-25,,11555
UNITED KINGDOM,Horley,S1,01-Jan,31-Dec,182,129,311,01-Jul-25,,11580
UNITED KINGDOM,Liverpool,S1,01-Jan,31-Dec,232,135,367,01-Jul-25,,12422
UNITED KINGDOM,London,S1,01-Jan,31-Dec,424,174,598,01-Jun-25,13,10219
UNITED KINGDOM,Loudwater,S1,01-Jan,31-Dec,151,105,256,01-Jul-25,,12124
UNITED KINGDOM,Manchester,S1,01-Jan,31-Dec,251,133,384,01-Jul-25,14,11582
UNITED KINGDOM,Menwith Hill,S1,01-Jan,31-Dec,208,120,328,01-Jul-25,,11554
UNITED KINGDOM,Oxford,S1,01-Jan,31-Dec,276,161,437,01-Jul-25,,12421
UNITED KINGDOM,Reading,S1,01-Jan,31-Dec,236,130,366,01-Jul-25,,11557
URUGUAY,[Other],S1,01-Jan,31-Dec,155,126,281,01-Jan-26,,11755
URUGUAY,Colonia,S1,01-Jan,31-Dec,190,131,321,01-Jan-26,,13384
URUGUAY,Montevideo,S1,01-Jan,31-Dec,155,126,281,01-Jan-26,,10098
URUGUAY,Punta del Este,S1,21-Apr,14-Dec,240,159,399,01-Jan-26,,11676
URUGUAY,Punta del Este,S2,15-Dec,20-Apr,303,166,469,01-Jan-26,,11676
UZBEKISTAN,[Other],S1,01-Jan,31-Dec,106,73,179,01-Nov-25,,11786
UZBEKISTAN,Tashkent,S1,01-Jan,31-Dec,150,121,271,01-Nov-25,,10227
VANUATU,[Other],S1,01-Jan,31-Dec,20,13,33,01-Sep-93,,11959
VANUATU,Port Vila,S1,01-Jan,31-Dec,168,133,301,01-Feb-25,,11707
VANUATU,Santos,S1,01-Jan,31-Dec,190,103,293,01-May-17,,11708
VANUATU,Tanna Island,S1,01-Jan,31-Dec,267,111,378,01-May-17,,11709
VENEZUELA,[Other],S1,01-Jan,31-Dec,278,206,484,01-Oct-14,1,11887
VENEZUELA,Barquisimeto,S1,01-Jan,31-Dec,209,101,310,01-Jun-24,1,13430
VENEZUELA,Caracas,S1,01-Jan,31-Dec,240,158,398,01-Jun-24,1,10099
VENEZUELA,Maracaibo,S1,01-Jan,31-Dec,276,287,563,01-Oct-14,1,10100
VENEZUELA,Porlamar,S1,01-Jan,31-Dec,232,124,356,01-Jun-24,1,13428
VENEZUELA,Puerto La Cruz,S1,01-Jan,31-Dec,278,206,484,01-Oct-14,1,13433
VENEZUELA,Puerto Ordaz,S1,01-Jan,31-Dec,261,114,375,01-Jun-24,1,13426
VENEZUELA,Punto Fijo,S1,01-Jan,31-Dec,241,231,472,01-Oct-14,1,13435
VENEZUELA,San Cristobal,S1,01-Jan,31-Dec,278,268,546,01-Oct-14,1,13434
VENEZUELA,Valencia,S1,01-Jan,31-Dec,249,256,505,01-Oct-14,1,13429
VIETNAM,[Other],S1,01-Jan,31-Dec,151,111,262,01-Jan-24,,11802
VIETNAM,Da Nang,S1,09-Feb,18-Dec,162,105,267,01-Jul-25,,12730
VIETNAM,Da Nang,S2,19-Dec,08-Feb,219,111,330,01-Jul-25,,12730
VIETNAM,Dalat,S1,01-Jan,31-Dec,155,107,262,01-Mar-23,,12729
VIETNAM,Hanoi,S1,01-Jan,31-Dec,236,126,362,01-May-25,,10314
VIETNAM,Ho Chi Minh City,S1,01-Jan,31-Dec,222,112,334,01-Mar-24,,12631
VIETNAM,Phu Quoc Island,S1,01-Jan,31-Dec,180,83,263,01-Jan-26,,91204
"VIRGIN ISLANDS, BRITISH","Virgin Islands, British",S1,15-Apr,14-Dec,138,100,238,01-Aug-10,,19017
"VIRGIN ISLANDS, BRITISH","Virgin Islands, British",S2,15-Dec,14-Apr,192,105,297,01-Aug-10,,19017
WALLIS AND FUTUNA,Wallis and Futuna,S1,01-Jan,31-Dec,73,64,137,01-Oct-93,,11710
YEMEN,[Other],S1,01-Jan,31-Dec,108,65,173,01-Mar-07,2,11820
YEMEN,Aden,S1,01-Jan,31-Dec,164,58,222,01-Sep-96,2,11600
YEMEN,Sanaa,S1,01-Jan,31-Dec,360,95,455,01-May-23,2,10370
ZAMBIA,[Other],S1,01-Jan,31-Dec,95,80,175,01-Mar-11,,11890
ZAMBIA,Chipata,S1,01-Jan,31-Dec,110,92,202,01-Jan-23,,91164
ZAMBIA,Kitwe,S1,01-Jan,31-Dec,139,122,261,01-Jan-23,,11503
ZAMBIA,Livingstone,S1,01-Jan,31-Dec,229,93,322,01-Jul-23,,11504
ZAMBIA,Lusaka,S1,01-Jan,31-Dec,220,135,355,01-Jan-23,,10430
ZAMBIA,Mfuwe,S1,01-Jan,31-Dec,119,101,220,01-Jan-23,,13117
ZAMBIA,Ndola,S1,01-Jan,31-Dec,139,114,253,01-Jan-23,,11505
ZAMBIA,Solwezi,S1,01-Jan,31-Dec,110,72,182,01-Jan-23,,91163
ZIMBABWE,[Other],S1,01-Jan,31-Dec,130,85,215,01-Feb-25,,11849
ZIMBABWE,Bulawayo,S1,01-Jan,31-Dec,290,121,411,01-Feb-25,,12074
ZIMBABWE,Harare,S1,01-Jan,31-Dec,192,115,307,01-Feb-25,,10417
ZIMBABWE,Victoria Falls,S1,01-Jul,30-Nov,363,115,478,01-Feb-25,,11507
ZIMBABWE,Victoria Falls,S2,01-Dec,30-Jun,290,108,398,01-Feb-25,,11507
